,1,337,1,2023-11-08,22:15,2023-11-08,22:15,35974.5,36050.86,1.0
,1,337,1,2023-11-08,22:15,2023-11-08,22:15,35869.4,35945.76,1.0
,1,336,1,2023-11-07,18:45,2023-11-07,18:45,35550.2,35822.079999999994,1.0
,1,336,1,2023-11-07,18:45,2023-11-07,18:45,35250.0,35521.88,1.0
,1,335,1,2023-11-07,18:15,2023-11-07,18:15,35465.8,35603.29,1.0
,1,335,1,2023-11-07,18:15,2023-11-07,18:15,35300.0,35437.49,1.0
,1,334,1,2023-11-05,18:00,2023-11-05,18:00,35083.9,34927.08,1.0
,1,334,1,2023-11-05,17:15,2023-11-05,17:15,35212.6,35055.78,1.0
,1,333,1,2023-11-04,22:45,2023-11-04,22:45,35205.5,35345.8,1.0
,1,333,1,2023-11-04,22:45,2023-11-04,22:45,35037.1,35177.4,1.0
,1,332,1,2023-11-01,21:00,2023-11-01,21:00,35727.1,35931.21,1.0
,1,332,1,2023-11-01,21:00,2023-11-01,21:00,35494.5,35698.61,1.0
,1,331,1,2023-11-01,13:00,2023-11-01,13:00,34918.6,34983.9,1.0
,1,331,1,2023-11-01,13:00,2023-11-01,13:00,34825.4,34890.700000000004,1.0
,1,330,1,2023-10-31,13:00,2023-10-31,13:00,34267.2,34289.07,1.0
,1,330,1,2023-10-31,13:00,2023-10-31,13:00,34316.5,34338.37,1.0
,1,329,1,2023-10-30,17:15,2023-10-30,17:15,34054.8,34148.310000000005,1.0
,1,329,1,2023-10-30,17:15,2023-10-30,17:15,34175.6,34269.11,1.0
,1,328,1,2023-10-30,17:00,2023-10-30,17:00,34133.2,34369.49,1.0
,1,328,1,2023-10-30,16:45,2023-10-30,16:45,34396.9,34633.19,1.0
,1,327,1,2023-10-30,14:15,2023-10-30,14:15,34845.7,34857.24,1.0
,1,327,1,2023-10-30,14:15,2023-10-30,14:15,34806.3,34817.840000000004,1.0
,1,326,1,2023-10-30,12:00,2023-10-30,12:00,34684.5,34713.48,1.0
,1,326,1,2023-10-30,12:00,2023-10-30,12:00,34627.8,34656.780000000006,1.0
,1,325,1,2023-10-30,10:15,2023-10-30,10:15,34474.2,34296.86,1.0
,1,325,1,2023-10-30,09:45,2023-10-30,09:45,34623.9,34446.560000000005,1.0
,1,324,1,2023-10-29,18:15,2023-10-29,18:15,34741.7,34757.619999999995,1.0
,1,324,1,2023-10-29,18:15,2023-10-29,18:15,34698.0,34713.92,1.0
,1,323,1,2023-10-29,13:00,2023-10-29,13:00,34550.3,34632.3,1.0
,1,323,1,2023-10-29,13:00,2023-10-29,13:00,34440.7,34522.7,1.0
,1,322,1,2023-10-28,14:00,2023-10-28,14:00,33940.8,34008.71000000001,1.0
,1,322,1,2023-10-28,14:00,2023-10-28,14:00,34035.9,34103.810000000005,1.0
,1,321,1,2023-10-24,08:15,2023-10-24,08:15,33899.1,32980.22,1.0
,1,321,1,2023-10-24,03:30,2023-10-24,03:30,34790.5,33871.62,1.0
,1,320,1,2023-10-23,20:00,2023-10-23,20:00,31370.9,31560.29,1.0
,1,320,1,2023-10-23,20:00,2023-10-23,20:00,31156.5,31345.89,1.0
,1,319,1,2023-10-23,17:45,2023-10-23,17:45,31278.3,31529.19,1.0
,1,319,1,2023-10-23,17:45,2023-10-23,17:45,31002.5,31253.39,1.0
,1,318,1,2023-10-23,04:45,2023-10-23,04:45,30813.8,31115.079999999998,1.0
,1,318,1,2023-10-23,04:45,2023-10-23,04:45,30488.0,30789.28,1.0
,1,317,1,2023-10-23,02:30,2023-10-23,02:30,30646.5,30863.28,1.0
,1,317,1,2023-10-23,02:30,2023-10-23,02:30,30405.3,30622.079999999998,1.0
,1,316,1,2023-10-21,19:00,2023-10-21,19:00,30371.6,30586.5,1.0
,1,316,1,2023-10-21,19:00,2023-10-21,19:00,30132.5,30347.4,1.0
,1,315,1,2023-10-20,04:30,2023-10-20,04:30,29331.4,29352.25,1.0
,1,315,1,2023-10-20,04:30,2023-10-20,04:30,29287.1,29307.949999999997,1.0
,1,314,1,2023-10-20,03:45,2023-10-20,03:45,29197.4,29474.960000000003,1.0
,1,314,1,2023-10-20,03:45,2023-10-20,03:45,28896.6,29174.16,1.0
,1,313,1,2023-10-16,14:30,2023-10-16,14:30,30713.6,31932.73,1.0
,1,313,1,2023-10-16,14:30,2023-10-16,14:30,29470.4,30689.530000000002,1.0
,1,312,1,2023-10-16,07:00,2023-10-16,07:00,27963.8,28001.85,1.0
,1,312,1,2023-10-16,07:00,2023-10-16,07:00,27903.4,27941.45,1.0
,1,311,1,2023-10-15,18:30,2023-10-15,18:30,27012.5,27023.3,1.0
,1,311,1,2023-10-15,18:30,2023-10-15,18:30,26980.1,26990.899999999998,1.0
,1,310,1,2023-10-15,16:00,2023-10-15,16:00,26839.7,26828.22,1.0
,1,310,1,2023-10-15,15:00,2023-10-15,15:00,26849.7,26838.22,1.0
,1,309,1,2023-10-13,14:00,2023-10-13,14:00,26971.3,27000.94,1.0
,1,309,1,2023-10-13,14:00,2023-10-13,14:00,26920.1,26949.739999999998,1.0
,1,308,1,2023-10-11,12:30,2023-10-11,12:30,27190.2,27190.34,1.0
,1,308,1,2023-10-11,11:15,2023-10-11,11:15,27212.1,27212.239999999998,1.0
,1,307,1,2023-10-09,02:00,2023-10-09,02:00,27782.1,27781.969999999998,1.0
,1,307,1,2023-10-09,01:30,2023-10-09,01:30,27804.2,27804.07,1.0
,1,306,1,2023-10-09,01:45,2023-10-09,01:45,27789.3,27789.46,1.0
,1,306,1,2023-10-08,23:15,2023-10-08,23:15,27811.7,27811.86,1.0
,1,305,1,2023-10-08,22:15,2023-10-08,22:15,27930.1,27781.609999999997,1.0
,1,305,1,2023-10-08,19:30,2023-10-08,19:30,27803.9,27655.41,1.0
,1,304,1,2023-10-06,16:45,2023-10-06,16:45,28031.3,28097.61,1.0
,1,304,1,2023-10-06,16:45,2023-10-06,16:45,27942.6,28008.91,1.0
,1,303,1,2023-10-06,13:45,2023-10-06,13:45,27162.4,27496.030000000002,1.0
,1,303,1,2023-10-06,13:45,2023-10-06,13:45,27517.9,27851.530000000002,1.0
,1,302,1,2023-10-05,16:30,2023-10-05,16:30,27383.6,27631.289999999997,1.0
,1,302,1,2023-10-05,16:30,2023-10-05,16:30,27653.3,27900.989999999998,1.0
,1,301,1,2023-10-05,15:00,2023-10-05,15:00,28005.7,28012.41,1.0
,1,301,1,2023-10-05,15:00,2023-10-05,15:00,27976.6,27983.309999999998,1.0
,1,300,1,2023-10-05,14:15,2023-10-05,14:15,28069.1,28276.64,1.0
,1,300,1,2023-10-05,14:15,2023-10-05,14:15,27839.2,28046.74,1.0
,1,299,1,2023-10-04,15:00,2023-10-04,15:00,27366.0,27382.69,1.0
,1,299,1,2023-10-04,15:00,2023-10-04,15:00,27404.6,27421.289999999997,1.0
,1,298,1,2023-10-02,14:45,2023-10-02,14:45,28546.9,28660.02,1.0
,1,298,1,2023-10-02,14:45,2023-10-02,14:45,28411.0,28524.12,1.0
,1,297,1,2023-10-02,05:00,2023-10-02,05:00,28143.3,28174.61,1.0
,1,297,1,2023-10-02,04:45,2023-10-02,04:45,28089.5,28120.81,1.0
,1,296,1,2023-10-01,13:15,2023-10-01,13:15,27132.9,27035.960000000003,1.0
,1,296,1,2023-10-01,12:45,2023-10-01,12:45,27208.1,27111.16,1.0
,1,295,1,2023-09-28,15:45,2023-09-28,15:45,26897.2,26993.13,1.0
,1,295,1,2023-09-28,15:45,2023-09-28,15:45,26779.8,26875.73,1.0
,1,294,1,2023-09-27,15:30,2023-09-27,15:30,26153.8,26305.809999999998,1.0
,1,294,1,2023-09-27,15:30,2023-09-27,15:30,26326.8,26478.809999999998,1.0
,1,293,1,2023-09-27,11:00,2023-09-27,11:00,26428.9,26453.38,1.0
,1,293,1,2023-09-27,11:00,2023-09-27,11:00,26383.3,26407.78,1.0
,1,292,1,2023-09-26,02:30,2023-09-26,02:30,26222.3,26217.02,1.0
,1,292,1,2023-09-25,18:30,2023-09-25,18:30,26238.0,26232.72,1.0
,1,291,1,2023-09-24,20:15,2023-09-24,20:15,26301.8,26495.87,1.0
,1,291,1,2023-09-24,20:15,2023-09-24,20:15,26517.0,26711.07,1.0
,1,290,1,2023-09-24,19:00,2023-09-24,19:00,26739.2,26795.74,1.0
,1,290,1,2023-09-24,19:00,2023-09-24,19:00,26661.3,26717.84,1.0
,1,289,1,2023-09-19,17:15,2023-09-19,17:15,27467.8,27500.35,1.0
,1,289,1,2023-09-19,17:00,2023-09-19,17:00,27413.3,27445.85,1.0
,1,288,1,2023-09-19,16:30,2023-09-19,16:30,27471.0,27604.09,1.0
,1,288,1,2023-09-19,16:30,2023-09-19,16:30,27316.0,27449.09,1.0
,1,287,1,2023-09-19,10:30,2023-09-19,10:30,27467.7,27661.61,1.0
,1,287,1,2023-09-19,10:30,2023-09-19,10:30,27251.9,27445.81,1.0
,1,286,1,2023-09-18,08:30,2023-09-18,08:30,26794.2,26834.99,1.0
,1,286,1,2023-09-18,08:30,2023-09-18,08:30,26732.0,26772.79,1.0
,1,285,1,2023-09-18,03:30,2023-09-18,03:30,26738.7,26814.05,1.0
,1,285,1,2023-09-18,03:30,2023-09-18,03:30,26642.0,26717.35,1.0
,1,284,1,2023-09-18,02:00,2023-09-18,02:00,26430.5,26428.85,1.0
,1,284,1,2023-09-18,02:00,2023-09-18,02:00,26450.0,26448.35,1.0
,1,283,1,2023-09-16,00:00,2023-09-16,00:00,26887.5,26989.34,1.0
,1,283,1,2023-09-16,00:00,2023-09-16,00:00,26764.2,26866.04,1.0
,1,282,1,2023-09-14,02:15,2023-09-14,02:15,26342.3,26149.559999999998,1.0
,1,282,1,2023-09-14,02:00,2023-09-14,02:00,26513.9,26321.16,1.0
,1,281,1,2023-09-12,05:00,2023-09-12,05:00,25985.9,26162.890000000003,1.0
,1,281,1,2023-09-12,05:00,2023-09-12,05:00,25788.2,25965.190000000002,1.0
,1,280,1,2023-09-12,04:30,2023-09-12,04:30,25901.5,25922.4,1.0
,1,280,1,2023-09-12,04:30,2023-09-12,04:30,25859.9,25880.800000000003,1.0
,1,279,1,2023-09-11,01:45,2023-09-11,01:45,25642.0,25671.07,1.0
,1,279,1,2023-09-11,01:45,2023-09-11,01:45,25691.6,25720.67,1.0
,1,278,1,2023-09-10,22:15,2023-09-10,22:15,25893.9,25897.890000000003,1.0
,1,278,1,2023-09-10,22:15,2023-09-10,22:15,25869.2,25873.190000000002,1.0
,1,277,1,2023-09-10,18:15,2023-09-10,18:15,25683.4,25691.24,1.0
,1,277,1,2023-09-10,18:15,2023-09-10,18:15,25711.8,25719.64,1.0
,1,276,1,2023-09-07,22:00,2023-09-07,22:00,26369.5,26726.56,1.0
,1,276,1,2023-09-07,22:00,2023-09-07,22:00,25991.5,26348.56,1.0
,1,275,1,2023-09-05,18:00,2023-09-05,18:00,25714.3,25717.42,1.0
,1,275,1,2023-09-05,18:00,2023-09-05,18:00,25738.0,25741.12,1.0
,1,274,1,2023-09-05,16:30,2023-09-05,16:30,25658.3,25660.86,1.0
,1,274,1,2023-09-05,16:30,2023-09-05,16:30,25681.4,25683.960000000003,1.0
,1,273,1,2023-08-29,15:15,2023-08-29,15:15,27220.3,28239.44,1.0
,1,273,1,2023-08-29,15:15,2023-08-29,15:15,26179.8,27198.94,1.0
,1,272,1,2023-08-28,22:45,2023-08-28,22:45,25933.3,25941.14,1.0
,1,272,1,2023-08-28,20:30,2023-08-28,20:30,25961.9,25969.74,1.0
,1,271,1,2023-08-28,13:30,2023-08-28,13:30,26192.7,26209.46,1.0
,1,271,1,2023-08-28,13:30,2023-08-28,13:30,26155.0,26171.76,1.0
,1,270,1,2023-08-27,23:00,2023-08-27,23:00,26030.7,26037.760000000002,1.0
,1,270,1,2023-08-27,23:00,2023-08-27,23:00,26058.6,26065.66,1.0
,1,269,1,2023-08-27,19:00,2023-08-27,19:00,26021.0,26033.37,1.0
,1,269,1,2023-08-27,19:00,2023-08-27,19:00,26054.2,26066.57,1.0
,1,268,1,2023-08-27,15:15,2023-08-27,15:15,26166.5,26191.99,1.0
,1,268,1,2023-08-27,15:15,2023-08-27,15:15,26120.1,26145.59,1.0
,1,267,1,2023-08-23,23:00,2023-08-23,23:00,26306.3,25950.32,1.0
,1,267,1,2023-08-23,21:30,2023-08-23,21:30,26641.1,26285.12,1.0
,1,266,1,2023-08-23,15:15,2023-08-23,15:15,25912.2,25922.06,1.0
,1,266,1,2023-08-23,15:15,2023-08-23,15:15,25942.8,25952.66,1.0
,1,265,1,2023-08-22,18:30,2023-08-22,18:30,25696.2,25906.95,1.0
,1,265,1,2023-08-22,18:30,2023-08-22,18:30,25927.6,26138.35,1.0
,1,264,1,2023-08-22,01:30,2023-08-22,01:30,26088.3,25966.59,1.0
,1,264,1,2023-08-21,22:45,2023-08-21,22:45,26189.1,26067.39,1.0
,1,263,1,2023-08-21,20:45,2023-08-21,20:45,26102.8,25832.12,1.0
,1,263,1,2023-08-21,16:30,2023-08-21,16:30,25852.9,25582.22,1.0
,1,262,1,2023-08-21,06:45,2023-08-21,06:45,26084.4,26082.420000000002,1.0
,1,262,1,2023-08-21,06:45,2023-08-21,06:45,26103.3,26101.32,1.0
,1,261,1,2023-08-20,21:45,2023-08-20,21:45,26283.3,26295.69,1.0
,1,261,1,2023-08-20,21:45,2023-08-20,21:45,26249.9,26262.29,1.0
,1,260,1,2023-08-18,05:15,2023-08-18,05:15,26156.2,26312.100000000002,1.0
,1,260,1,2023-08-17,23:45,2023-08-17,23:45,26333.1,26489.0,1.0
,1,259,1,2023-08-14,19:15,2023-08-14,19:15,29273.2,29291.66,1.0
,1,259,1,2023-08-14,19:15,2023-08-14,19:15,29315.1,29333.559999999998,1.0
,1,258,1,2023-08-14,16:30,2023-08-14,16:30,29661.6,29665.28,1.0
,1,258,1,2023-08-14,16:30,2023-08-14,16:30,29634.2,29637.88,1.0
,1,257,1,2023-08-14,15:15,2023-08-14,15:15,29452.9,29461.15,1.0
,1,257,1,2023-08-14,15:15,2023-08-14,15:15,29421.1,29429.35,1.0
,1,256,1,2023-08-13,23:00,2023-08-13,23:00,29331.5,29341.32,1.0
,1,256,1,2023-08-13,22:45,2023-08-13,22:45,29364.8,29374.62,1.0
,1,255,1,2023-08-08,12:00,2023-08-08,12:00,29397.0,29481.53,1.0
,1,255,1,2023-08-08,12:00,2023-08-08,12:00,29289.0,29373.53,1.0
,1,254,1,2023-08-07,19:15,2023-08-07,19:15,29173.0,29211.19,1.0
,1,254,1,2023-08-07,19:15,2023-08-07,19:15,29111.5,29149.69,1.0
,1,253,1,2023-08-07,02:30,2023-08-07,02:30,29193.6,29195.859999999997,1.0
,1,253,1,2023-08-07,02:30,2023-08-07,02:30,29168.0,29170.26,1.0
,1,252,1,2023-08-06,22:15,2023-08-06,22:15,29197.1,29187.949999999997,1.0
,1,252,1,2023-08-06,22:15,2023-08-06,22:15,29182.9,29173.75,1.0
,1,251,1,2023-08-02,00:15,2023-08-02,00:15,29471.6,29551.66,1.0
,1,251,1,2023-08-02,00:15,2023-08-02,00:15,29368.0,29448.06,1.0
,1,250,1,2023-08-01,20:00,2023-08-01,20:00,29327.2,29369.56,1.0
,1,250,1,2023-08-01,20:00,2023-08-01,20:00,29261.4,29303.760000000002,1.0
,1,249,1,2023-07-31,01:45,2023-07-31,01:45,29523.7,29531.09,1.0
,1,249,1,2023-07-31,01:45,2023-07-31,01:45,29492.7,29500.09,1.0
,1,248,1,2023-07-30,21:00,2023-07-30,21:00,29007.4,29163.920000000002,1.0
,1,248,1,2023-07-30,21:00,2023-07-30,21:00,29187.2,29343.72,1.0
,1,247,1,2023-07-30,16:30,2023-07-30,16:30,29430.7,29428.16,1.0
,1,247,1,2023-07-30,16:30,2023-07-30,16:30,29409.7,29407.16,1.0
,1,246,1,2023-07-30,16:00,2023-07-30,16:00,29377.2,29177.77,1.0
,1,246,1,2023-07-28,18:45,2023-07-28,18:45,29201.2,29001.77,1.0
,1,245,1,2023-07-28,16:00,2023-07-28,16:00,29533.9,29568.600000000002,1.0
,1,245,1,2023-07-28,16:00,2023-07-28,16:00,29475.6,29510.3,1.0
,1,244,1,2023-07-26,21:45,2023-07-26,21:45,29663.5,29739.21,1.0
,1,244,1,2023-07-26,21:45,2023-07-26,21:45,29564.1,29639.809999999998,1.0
,1,243,1,2023-07-26,21:15,2023-07-26,21:15,29580.0,29699.59,1.0
,1,243,1,2023-07-26,21:15,2023-07-26,21:15,29436.8,29556.39,1.0
,1,242,1,2023-07-26,07:45,2023-07-26,07:45,29172.5,29172.65,1.0
,1,242,1,2023-07-26,07:45,2023-07-26,07:45,29196.0,29196.15,1.0
,1,241,1,2023-07-23,06:30,2023-07-23,06:30,29968.1,29957.43,1.0
,1,241,1,2023-07-23,06:30,2023-07-23,06:30,29954.8,29944.13,1.0
,1,240,1,2023-07-23,01:30,2023-07-23,01:30,29744.9,29736.300000000003,1.0
,1,240,1,2023-07-23,01:15,2023-07-23,01:15,29760.1,29751.5,1.0
,1,239,1,2023-07-20,15:45,2023-07-20,15:45,29603.0,29759.65,1.0
,1,239,1,2023-07-20,15:45,2023-07-20,15:45,29783.4,29940.050000000003,1.0
,1,238,1,2023-07-20,08:45,2023-07-20,08:45,30217.1,30215.239999999998,1.0
,1,238,1,2023-07-20,08:30,2023-07-20,08:30,30194.8,30192.94,1.0
,1,237,1,2023-07-20,06:45,2023-07-20,06:45,30159.5,30161.68,1.0
,1,237,1,2023-07-20,06:45,2023-07-20,06:45,30133.2,30135.38,1.0
,1,236,1,2023-07-19,15:15,2023-07-19,15:15,29835.2,29855.510000000002,1.0
,1,236,1,2023-07-19,15:15,2023-07-19,15:15,29879.4,29899.710000000003,1.0
,1,235,1,2023-07-17,18:45,2023-07-17,18:45,29982.1,30032.079999999998,1.0
,1,235,1,2023-07-17,18:45,2023-07-17,18:45,30056.1,30106.079999999998,1.0
,1,234,1,2023-07-17,18:15,2023-07-17,18:15,29887.7,29988.940000000002,1.0
,1,234,1,2023-07-17,18:15,2023-07-17,18:15,30012.9,30114.140000000003,1.0
,1,233,1,2023-07-17,18:15,2023-07-17,18:15,30015.6,30062.46,1.0
,1,233,1,2023-07-17,17:45,2023-07-17,17:45,30086.5,30133.36,1.0
,1,232,1,2023-07-17,13:15,2023-07-17,13:15,30018.2,30053.96,1.0
,1,232,1,2023-07-17,13:15,2023-07-17,13:15,30078.0,30113.76,1.0
,1,231,1,2023-07-17,00:30,2023-07-17,00:30,30112.2,30165.280000000002,1.0
,1,231,1,2023-07-17,00:30,2023-07-17,00:30,30189.4,30242.480000000003,1.0
,1,230,1,2023-07-13,18:45,2023-07-13,18:45,31195.1,31245.269999999997,1.0
,1,230,1,2023-07-13,18:45,2023-07-13,18:45,31120.0,31170.17,1.0
,1,229,1,2023-07-13,16:45,2023-07-13,16:45,31201.7,31372.420000000002,1.0
,1,229,1,2023-07-13,16:45,2023-07-13,16:45,31006.1,31176.82,1.0
,1,228,1,2023-07-12,16:45,2023-07-12,16:45,30451.1,30493.91,1.0
,1,228,1,2023-07-12,16:45,2023-07-12,16:45,30518.3,30561.11,1.0
,1,227,1,2023-07-12,13:30,2023-07-12,13:30,30978.6,31145.289999999997,1.0
,1,227,1,2023-07-12,13:30,2023-07-12,13:30,30787.2,30953.89,1.0
,1,226,1,2023-07-11,10:30,2023-07-11,10:30,30348.8,30381.0,1.0
,1,226,1,2023-07-11,10:30,2023-07-11,10:30,30405.3,30437.5,1.0
,1,225,1,2023-07-10,23:00,2023-07-10,23:00,30164.4,30258.620000000003,1.0
,1,225,1,2023-07-10,23:00,2023-07-10,23:00,30282.8,30377.02,1.0
,1,224,1,2023-07-10,19:30,2023-07-10,19:30,30495.9,30631.47,1.0
,1,224,1,2023-07-10,18:00,2023-07-10,18:00,30336.0,30471.57,1.0
,1,223,1,2023-07-09,03:45,2023-07-09,03:45,30260.5,-21937325.88,153452.125757
,1,223,1,2023-07-09,02:15,2023-07-09,02:15,30379.4,-21937206.98,153452.125757
,1,222,1,2023-07-06,08:45,2023-07-06,08:45,30842.3,412887.01,150586.790426
,1,222,1,2023-07-06,08:45,2023-07-06,08:45,30815.1,412859.81,150586.790426
,1,221,1,2023-07-04,02:45,2023-07-04,02:45,31293.2,683602.32,145694.472041
,1,221,1,2023-07-04,02:45,2023-07-04,02:45,31263.7,683572.82,145694.472041
,1,220,1,2023-07-03,16:15,2023-07-03,16:15,30932.0,1100302.53,137674.193086
,1,220,1,2023-07-03,16:15,2023-07-03,16:15,30899.5,1100270.03,137674.193086
,1,219,1,2023-07-03,16:00,2023-07-03,16:00,30948.1,10480868.54,59299.789787
,1,219,1,2023-07-03,15:45,2023-07-03,15:45,30747.2,10480667.639999999,59299.789787
,1,218,1,2023-07-03,01:15,2023-07-03,01:15,30647.1,-1715331.89,72394.632215
,1,218,1,2023-07-03,00:00,2023-07-03,00:00,30646.7,-1715332.29,72394.632215
,1,217,1,2023-07-02,23:30,2023-07-02,23:30,30790.2,3775460.5,44309.604993
,1,217,1,2023-07-02,23:30,2023-07-02,23:30,30681.1,3775351.4,44309.604993
,1,216,1,2023-07-02,17:15,2023-07-02,17:15,30706.7,2961949.06,22325.287321
,1,216,1,2023-07-02,17:15,2023-07-02,17:15,30550.9,2961793.26,22325.287321
,1,215,1,2023-06-30,15:30,2023-06-30,15:30,30058.1,1157688.73,13868.057625
,1,215,1,2023-06-30,15:30,2023-06-30,15:30,30163.5,1157794.13,13868.057625
,1,214,1,2023-06-30,14:45,2023-06-30,14:45,29506.4,1604159.7999999998,2058.157157
,1,214,1,2023-06-30,14:45,2023-06-30,14:45,30295.4,1604948.7999999998,2058.157157
,1,213,1,2023-06-29,11:30,2023-06-29,11:30,30729.0,131979.13,1298.781212
,1,213,1,2023-06-29,11:30,2023-06-29,11:30,30626.5,131876.63,1298.781212
,1,212,1,2023-06-28,01:30,2023-06-28,01:30,30459.0,66390.69,1029.293534
,1,212,1,2023-06-28,01:30,2023-06-28,01:30,30518.3,66449.99,1029.293534
,1,211,1,2023-06-27,15:30,2023-06-27,15:30,30893.6,56036.94,840.718521
,1,211,1,2023-06-27,15:30,2023-06-27,15:30,30839.0,55982.34,840.718521
,1,210,1,2023-06-27,11:15,2023-06-27,11:15,30693.7,57580.380000000005,639.068409
,1,210,1,2023-06-27,11:15,2023-06-27,11:15,30627.1,57513.78,639.068409
,1,209,1,2023-06-26,17:45,2023-06-26,17:45,30196.3,58411.32,427.455754
,1,209,1,2023-06-26,15:45,2023-06-26,15:45,30286.5,58501.520000000004,427.455754
,1,208,1,2023-06-23,16:45,2023-06-23,16:45,31494.0,78582.98999999999,74.288292
,1,208,1,2023-06-23,16:45,2023-06-23,16:45,30835.2,77924.19,74.288292
,1,207,1,2023-06-23,16:15,2023-06-23,16:15,30986.0,38954.55,14.524173
,1,207,1,2023-06-23,16:15,2023-06-23,16:15,30412.8,38381.35,14.524173
,1,206,1,2023-06-21,15:30,2023-06-21,15:30,29549.6,30773.649999999998,5.343777
,1,206,1,2023-06-21,15:30,2023-06-21,15:30,29297.0,30521.05,5.343777
,1,205,1,2023-06-20,17:00,2023-06-20,17:00,27087.9,27146.47,4.904467
,1,205,1,2023-06-20,17:00,2023-06-20,17:00,27054.3,27112.87,4.904467
,1,204,1,2023-06-20,01:45,2023-06-20,01:45,27038.6,27328.1,2.733206
,1,204,1,2023-06-20,01:30,2023-06-20,01:30,26911.1,27200.6,2.733206
,1,203,1,2023-06-19,18:45,2023-06-19,18:45,26657.5,26670.63,2.63471
,1,203,1,2023-06-19,18:45,2023-06-19,18:45,26631.2,26644.33,2.63471
,1,202,1,2023-06-18,21:15,2023-06-18,21:15,26344.8,26523.25,1.296319
,1,202,1,2023-06-18,21:15,2023-06-18,21:15,26503.6,26682.05,1.296319
,1,201,1,2023-06-17,06:45,2023-06-17,06:45,26747.2,26762.36,1.182644
,1,201,1,2023-06-17,06:45,2023-06-17,06:45,26713.0,26728.16,1.182644
,1,200,1,2023-06-16,17:00,2023-06-16,17:00,25877.9,25902.72,1.0
,1,200,1,2023-06-16,17:00,2023-06-16,17:00,25832.4,25857.22,1.0
,1,199,1,2023-06-16,16:15,2023-06-16,16:15,25680.5,25729.58,1.0
,1,199,1,2023-06-16,16:15,2023-06-16,16:15,25610.9,25659.980000000003,1.0
,1,198,1,2023-06-12,19:00,2023-06-12,19:00,25766.0,25776.77,1.0
,1,198,1,2023-06-12,19:00,2023-06-12,19:00,25797.4,25808.170000000002,1.0
,1,197,1,2023-06-12,03:45,2023-06-12,03:45,25634.6,25702.059999999998,1.0
,1,197,1,2023-06-12,03:30,2023-06-12,03:30,25722.6,25790.059999999998,1.0
,1,196,1,2023-06-12,03:15,2023-06-12,03:15,25602.9,25761.550000000003,1.0
,1,196,1,2023-06-11,23:45,2023-06-11,23:45,25782.1,25940.75,1.0
,1,195,1,2023-06-11,23:30,2023-06-11,23:30,25978.4,25802.36,1.0
,1,195,1,2023-06-11,21:15,2023-06-11,21:15,26133.6,25957.559999999998,1.0
,1,194,1,2023-06-11,20:30,2023-06-11,20:30,26091.1,26110.34,1.0
,1,194,1,2023-06-11,20:30,2023-06-11,20:30,26051.0,26070.24,1.0
,1,193,1,2023-06-10,19:45,2023-06-10,19:45,25524.1,25587.649999999998,1.0
,1,193,1,2023-06-10,19:30,2023-06-10,19:30,25608.1,25671.649999999998,1.0
,1,192,1,2023-06-09,17:00,2023-06-09,17:00,26432.3,26444.04,1.0
,1,192,1,2023-06-09,17:00,2023-06-09,17:00,26465.2,26476.940000000002,1.0
,1,191,1,2023-06-06,18:30,2023-06-06,18:30,26774.6,26840.42,1.0
,1,191,1,2023-06-06,18:30,2023-06-06,18:30,26687.4,26753.22,1.0
,1,190,1,2023-06-05,00:30,2023-06-05,00:30,27105.3,27110.899999999998,1.0
,1,190,1,2023-06-05,00:30,2023-06-05,00:30,27132.6,27138.199999999997,1.0
,1,189,1,2023-06-03,17:30,2023-06-03,17:30,27310.3,27305.96,1.0
,1,189,1,2023-06-03,17:00,2023-06-03,17:00,27292.8,27288.46,1.0
,1,188,1,2023-06-02,20:30,2023-06-02,20:30,27276.6,27493.739999999998,3.031964
,1,188,1,2023-06-02,20:00,2023-06-02,20:00,27183.2,27400.34,3.031964
,1,187,1,2023-06-02,20:00,2023-06-02,20:00,27183.2,26556.48,2.031964
,1,187,1,2023-06-02,15:00,2023-06-02,15:00,26896.4,26269.68,2.031964
,1,186,1,2023-05-31,03:45,2023-05-31,03:45,27608.9,27614.870000000003,1.98721
,1,186,1,2023-05-31,03:15,2023-05-31,03:15,27634.0,27639.97,1.98721
,1,185,1,2023-05-28,22:15,2023-05-28,22:15,27647.5,27658.53,1.904463
,1,185,1,2023-05-28,19:45,2023-05-28,19:45,27619.6,27630.629999999997,1.904463
,1,184,1,2023-05-28,01:45,2023-05-28,01:45,27108.7,27219.22,1.07553
,1,184,1,2023-05-28,01:45,2023-05-28,01:45,26984.3,27094.82,1.07553
,1,183,1,2023-05-26,15:15,2023-05-26,15:15,26837.9,27072.230000000003,1.0
,1,183,1,2023-05-26,15:15,2023-05-26,15:15,26582.2,26816.530000000002,1.0
,1,182,1,2023-05-26,14:45,2023-05-26,14:45,26536.8,26369.63,1.0
,1,182,1,2023-05-26,13:45,2023-05-26,13:45,26390.8,26223.63,1.0
,1,181,1,2023-05-25,14:45,2023-05-25,14:45,26262.4,26292.07,1.0
,1,181,1,2023-05-25,14:45,2023-05-25,14:45,26313.1,26342.769999999997,1.0
,1,180,1,2023-05-23,04:00,2023-05-23,04:00,27222.6,27304.16,1.0
,1,180,1,2023-05-23,04:00,2023-05-23,04:00,27119.3,27200.86,1.0
,1,179,1,2023-05-21,02:00,2023-05-21,02:00,27247.4,27244.010000000002,1.0
,1,179,1,2023-05-21,02:00,2023-05-21,02:00,27229.0,27225.61,1.0
,1,178,1,2023-05-20,20:00,2023-05-20,20:00,27019.0,26886.44,1.0
,1,178,1,2023-05-20,19:00,2023-05-20,19:00,27129.9,26997.34,1.0
,1,177,1,2023-05-19,17:30,2023-05-19,17:30,26786.0,26848.54,1.0
,1,177,1,2023-05-19,17:00,2023-05-19,17:00,26870.0,26932.54,1.0
,1,176,1,2023-05-18,16:45,2023-05-18,16:45,27034.5,27085.64,1.0
,1,176,1,2023-05-18,16:30,2023-05-18,16:30,27107.3,27158.44,1.0
,1,175,1,2023-05-18,15:45,2023-05-18,15:45,27010.1,27158.519999999997,1.0
,1,175,1,2023-05-18,15:45,2023-05-18,15:45,27180.2,27328.62,1.0
,1,174,1,2023-05-18,13:15,2023-05-18,13:15,27464.0,27475.74,1.0
,1,174,1,2023-05-18,13:15,2023-05-18,13:15,27430.3,27442.04,1.0
,1,173,1,2023-05-17,20:15,2023-05-17,20:15,27421.1,27527.609999999997,1.0
,1,173,1,2023-05-17,20:15,2023-05-17,20:15,27292.7,27399.21,1.0
,1,172,1,2023-05-16,10:45,2023-05-16,10:45,27061.4,27104.43,1.0
,1,172,1,2023-05-16,10:45,2023-05-16,10:45,27126.1,27169.129999999997,1.0
,1,171,1,2023-05-15,18:15,2023-05-15,18:15,27646.6,27676.5,1.0
,1,171,1,2023-05-15,18:15,2023-05-15,18:15,27594.6,27624.5,1.0
,1,170,1,2023-05-15,17:30,2023-05-15,17:30,27597.4,27705.370000000003,1.0
,1,170,1,2023-05-15,17:30,2023-05-15,17:30,27467.4,27575.370000000003,1.0
,1,169,1,2023-05-15,02:45,2023-05-15,02:45,27275.9,27420.050000000003,1.0
,1,169,1,2023-05-15,02:45,2023-05-15,02:45,27110.0,27254.15,1.0
,1,168,1,2023-05-10,20:30,2023-05-10,20:30,27675.4,27108.18,1.0
,1,168,1,2023-05-10,18:30,2023-05-10,18:30,27130.1,26562.879999999997,1.0
,1,167,1,2023-05-10,14:45,2023-05-10,14:45,28174.3,28185.67,1.0
,1,167,1,2023-05-10,14:45,2023-05-10,14:45,28140.4,28151.77,1.0
,1,166,1,2023-05-10,13:45,2023-05-10,13:45,28166.3,28325.04,1.0
,1,166,1,2023-05-10,13:45,2023-05-10,13:45,27985.1,28143.84,1.0
,1,165,1,2023-05-05,15:45,2023-05-05,15:45,29433.0,29508.89,1.0
,1,165,1,2023-05-05,15:45,2023-05-05,15:45,29333.6,29409.489999999998,1.0
,1,164,1,2023-05-05,14:00,2023-05-05,14:00,28887.5,28931.86,1.0
,1,164,1,2023-05-05,13:45,2023-05-05,13:45,28955.0,28999.36,1.0
,1,163,1,2023-05-05,03:00,2023-05-05,03:00,29547.8,29761.26,1.0
,1,163,1,2023-05-05,02:45,2023-05-05,02:45,29310.8,29524.26,1.0
,1,162,1,2023-05-03,22:30,2023-05-03,22:30,29045.5,29231.95,1.0
,1,162,1,2023-05-03,22:30,2023-05-03,22:30,28835.9,29022.350000000002,1.0
,1,161,1,2023-05-03,22:15,2023-05-03,22:15,28600.0,28262.85,1.0
,1,161,1,2023-05-03,20:15,2023-05-03,20:15,28285.6,27948.449999999997,1.0
,1,160,1,2023-05-03,19:00,2023-05-03,19:00,28559.2,28381.79,1.0
,1,160,1,2023-05-03,18:45,2023-05-03,18:45,28713.7,28536.29,1.0
,1,159,1,2023-05-02,16:45,2023-05-02,16:45,28705.4,28735.460000000003,1.0
,1,159,1,2023-05-02,16:45,2023-05-02,16:45,28652.4,28682.460000000003,1.0
,1,158,1,2023-04-30,16:00,2023-04-30,16:00,29683.0,29965.38,1.0
,1,158,1,2023-04-30,16:00,2023-04-30,16:00,29377.0,29659.38,1.0
,1,157,1,2023-04-27,02:30,2023-04-27,02:30,28834.6,28152.539999999997,1.175176
,1,157,1,2023-04-27,01:30,2023-04-27,01:30,29391.7,28709.64,1.175176
,1,156,1,2023-04-26,22:15,2023-04-26,22:15,28079.5,28180.59,1.0
,1,156,1,2023-04-26,22:15,2023-04-26,22:15,28203.1,28304.19,1.0
,1,155,1,2023-04-26,20:45,2023-04-26,20:45,27651.6,28237.539999999997,1.0
,1,155,1,2023-04-26,20:45,2023-04-26,20:45,28259.9,28845.84,1.0
,1,154,1,2023-04-25,21:15,2023-04-25,21:15,27965.8,28059.27,1.0
,1,154,1,2023-04-25,21:15,2023-04-25,21:15,27850.0,27943.47,1.0
,1,153,1,2023-04-25,19:15,2023-04-25,19:15,27731.4,27785.850000000002,1.0
,1,153,1,2023-04-25,19:15,2023-04-25,19:15,27654.8,27709.25,1.0
,1,152,1,2023-04-24,16:15,2023-04-24,16:15,27226.2,27291.38,1.0
,1,152,1,2023-04-24,15:45,2023-04-24,15:45,27313.2,27378.38,1.0
,1,151,1,2023-04-24,08:00,2023-04-24,08:00,27380.8,27512.03,1.0
,1,151,1,2023-04-24,08:00,2023-04-24,08:00,27534.0,27665.23,1.0
,1,150,1,2023-04-24,02:00,2023-04-24,02:00,27960.6,28105.3,1.0
,1,150,1,2023-04-24,02:00,2023-04-24,02:00,27793.6,27938.3,1.0
,1,149,1,2023-04-23,20:00,2023-04-23,20:00,27408.8,27421.559999999998,1.0
,1,149,1,2023-04-23,20:00,2023-04-23,20:00,27443.5,27456.26,1.0
,1,148,1,2023-04-23,02:45,2023-04-23,02:45,27460.2,27473.52,1.0
,1,148,1,2023-04-23,01:45,2023-04-23,01:45,27495.5,27508.82,1.0
,1,147,1,2023-04-19,07:30,2023-04-19,07:30,30072.7,30075.93,1.0
,1,147,1,2023-04-19,07:30,2023-04-19,07:30,30100.0,30103.23,1.0
,1,146,1,2023-04-18,19:00,2023-04-18,19:00,30013.4,27800.2,8.733935
,1,146,1,2023-04-18,15:45,2023-04-18,15:45,30242.7,28029.5,8.733935
,1,145,1,2023-04-18,12:45,2023-04-18,12:45,30374.7,30649.73,6.671209
,1,145,1,2023-04-18,12:45,2023-04-18,12:45,30309.2,30584.23,6.671209
,1,144,1,2023-04-16,22:00,2023-04-16,22:00,30264.5,30311.13,6.321514
,1,144,1,2023-04-16,21:15,2023-04-16,21:15,30296.1,30342.73,6.321514
,1,143,1,2023-04-16,20:00,2023-04-16,20:00,30558.4,30777.670000000002,4.677013
,1,143,1,2023-04-16,20:00,2023-04-16,20:00,30487.1,30706.37,4.677013
,1,142,1,2023-04-14,01:45,2023-04-14,01:45,30764.9,30840.54,4.10971
,1,142,1,2023-04-14,01:45,2023-04-14,01:45,30721.9,30797.54,4.10971
,1,141,1,2023-04-13,15:45,2023-04-13,15:45,30553.1,30846.55,1.90886
,1,141,1,2023-04-13,15:45,2023-04-13,15:45,30375.0,30668.45,1.90886
,1,140,1,2023-04-10,18:00,2023-04-10,18:00,29295.7,29534.97,1.0
,1,140,1,2023-04-10,18:00,2023-04-10,18:00,29033.1,29272.37,1.0
,1,139,1,2023-04-09,22:30,2023-04-09,22:30,28397.5,28467.52,1.0
,1,139,1,2023-04-09,22:30,2023-04-09,22:30,28304.8,28374.82,1.0
,1,138,1,2023-04-09,20:15,2023-04-09,20:15,28288.9,28479.25,1.0
,1,138,1,2023-04-09,20:15,2023-04-09,20:15,28076.0,28266.35,1.0
,1,137,1,2023-04-09,07:15,2023-04-09,07:15,27906.1,27917.66,1.0
,1,137,1,2023-04-09,07:15,2023-04-09,07:15,27940.0,27951.56,1.0
,1,136,1,2023-04-08,07:00,2023-04-08,07:00,28148.4,28142.390000000003,1.0
,1,136,1,2023-04-08,07:00,2023-04-08,07:00,28131.9,28125.890000000003,1.0
,1,135,1,2023-04-05,01:45,2023-04-05,01:45,28741.8,29344.469999999998,2.0
,1,135,1,2023-04-05,01:45,2023-04-05,01:45,28417.6,29020.269999999997,2.0
,1,134,1,2023-04-05,01:45,2023-04-05,01:45,28417.6,27964.44,1.0
,1,134,1,2023-04-04,16:30,2023-04-04,16:30,27987.0,27533.84,1.0
,1,133,1,2023-04-03,09:30,2023-04-03,09:30,28456.1,28519.969999999998,1.0
,1,133,1,2023-04-03,09:30,2023-04-03,09:30,28369.5,28433.37,1.0
,1,132,1,2023-03-30,16:45,2023-03-30,16:45,28150.2,28226.14,1.0
,1,132,1,2023-03-30,15:15,2023-03-30,15:15,28248.7,28324.64,1.0
,1,131,1,2023-03-30,03:30,2023-03-30,03:30,29180.3,29531.41,1.0
,1,131,1,2023-03-30,03:30,2023-03-30,03:30,28806.0,29157.11,1.0
,1,130,1,2023-03-23,15:45,2023-03-23,15:45,28662.5,28786.83,1.0
,1,130,1,2023-03-23,15:45,2023-03-23,15:45,28515.3,28639.63,1.0
,1,129,1,2023-03-22,19:00,2023-03-22,19:00,27083.8,27996.86,1.0
,1,129,1,2023-03-22,19:00,2023-03-22,19:00,28018.9,28931.960000000003,1.0
,1,128,1,2023-03-22,15:15,2023-03-22,15:15,28726.9,28844.27,1.0
,1,128,1,2023-03-22,15:15,2023-03-22,15:15,28586.6,28703.969999999998,1.0
,1,127,1,2023-03-21,16:45,2023-03-21,16:45,28434.3,28520.7,1.0
,1,127,1,2023-03-21,16:45,2023-03-21,16:45,28325.2,28411.600000000002,1.0
,1,126,1,2023-03-20,08:30,2023-03-20,08:30,28448.3,28689.05,1.0
,1,126,1,2023-03-20,08:30,2023-03-20,08:30,28184.9,28425.65,1.0
,1,125,1,2023-03-20,07:45,2023-03-20,07:45,28255.5,28348.54,1.0
,1,125,1,2023-03-20,07:45,2023-03-20,07:45,28139.9,28232.940000000002,1.0
,1,124,1,2023-03-17,01:30,2023-03-17,01:30,25465.4,25558.47,1.0
,1,124,1,2023-03-17,01:30,2023-03-17,01:30,25352.0,25445.07,1.0
,1,123,1,2023-03-14,13:45,2023-03-14,13:45,26047.2,26140.21,1.0
,1,123,1,2023-03-14,13:45,2023-03-14,13:45,25933.4,26026.41,1.0
,1,122,1,2023-03-14,12:45,2023-03-14,12:45,26085.0,26627.26,1.0
,1,122,1,2023-03-14,12:45,2023-03-14,12:45,25522.1,26064.359999999997,1.0
,1,121,1,2023-03-13,14:00,2023-03-13,14:00,23117.8,23750.17,1.0
,1,121,1,2023-03-13,14:00,2023-03-13,14:00,22467.2,23099.57,1.0
,1,120,1,2023-03-13,13:30,2023-03-13,13:30,22485.8,22523.13,1.0
,1,120,1,2023-03-13,13:30,2023-03-13,13:30,22430.5,22467.83,1.0
,1,119,1,2023-03-12,20:45,2023-03-12,20:45,21344.1,21469.98,1.0
,1,119,1,2023-03-12,20:45,2023-03-12,20:45,21201.2,21327.08,1.0
,1,118,1,2023-03-12,18:30,2023-03-12,18:30,21346.2,21795.510000000002,1.0
,1,118,1,2023-03-12,18:30,2023-03-12,18:30,20880.0,21329.31,1.0
,1,117,1,2023-03-12,18:00,2023-03-12,18:00,20825.7,20859.86,1.0
,1,117,1,2023-03-12,18:00,2023-03-12,18:00,20774.9,20809.06,1.0
,1,116,1,2023-03-07,20:00,2023-03-07,20:00,21975.1,22100.859999999997,1.0
,1,116,1,2023-03-07,20:00,2023-03-07,20:00,22118.5,22244.26,1.0
,1,115,1,2023-03-06,19:30,2023-03-06,19:30,22356.7,22377.0,1.0
,1,115,1,2023-03-06,19:30,2023-03-06,19:30,22394.9,22415.2,1.0
,1,114,1,2023-03-06,16:00,2023-03-06,16:00,22574.6,22587.55,1.0
,1,114,1,2023-03-06,16:00,2023-03-06,16:00,22543.6,22556.55,1.0
,1,113,1,2023-03-06,01:45,2023-03-06,01:45,22302.4,22336.440000000002,1.0
,1,113,1,2023-03-05,21:45,2023-03-05,21:45,22354.3,22388.34,1.0
,1,112,1,2023-03-05,02:45,2023-03-05,02:45,22292.9,22306.850000000002,1.0
,1,112,1,2023-03-05,02:45,2023-03-05,02:45,22324.7,22338.65,1.0
,1,111,1,2023-03-05,01:30,2023-03-05,01:30,22630.8,22697.329999999998,1.0
,1,111,1,2023-03-05,01:30,2023-03-05,01:30,22546.2,22612.73,1.0
,1,110,1,2023-03-01,05:00,2023-03-01,05:00,23820.6,23833.96,1.0
,1,110,1,2023-03-01,05:00,2023-03-01,05:00,23788.2,23801.56,1.0
,1,109,1,2023-02-27,16:15,2023-02-27,16:15,23227.9,23282.79,1.0
,1,109,1,2023-02-27,16:15,2023-02-27,16:15,23301.4,23356.29,1.0
,1,108,1,2023-02-27,14:45,2023-02-27,14:45,23807.3,23817.37,1.0
,1,108,1,2023-02-27,14:30,2023-02-27,14:30,23778.2,23788.27,1.0
,1,107,1,2023-02-27,13:45,2023-02-27,13:45,23770.5,23791.7,1.0
,1,107,1,2023-02-27,13:45,2023-02-27,13:45,23730.3,23751.5,1.0
,1,106,1,2023-02-26,18:45,2023-02-26,18:45,23530.7,23614.82,1.0
,1,106,1,2023-02-26,18:45,2023-02-26,18:45,23427.8,23511.92,1.0
,1,105,1,2023-02-23,11:30,2023-02-23,11:30,23664.3,23836.89,1.0
,1,105,1,2023-02-23,11:30,2023-02-23,11:30,23855.9,24028.49,1.0
,1,104,1,2023-02-23,02:45,2023-02-23,02:45,24584.3,24619.149999999998,1.0
,1,104,1,2023-02-23,02:45,2023-02-23,02:45,24529.8,24564.649999999998,1.0
,1,103,1,2023-02-21,08:45,2023-02-21,08:45,24622.7,24792.23,1.0
,1,103,1,2023-02-21,08:45,2023-02-21,08:45,24812.0,24981.53,1.0
,1,102,1,2023-02-21,03:00,2023-02-21,03:00,24917.6,24723.899999999998,1.0
,1,102,1,2023-02-21,02:45,2023-02-21,02:45,25091.3,24897.6,1.0
,1,101,1,2023-02-20,11:45,2023-02-20,11:45,24961.7,24998.850000000002,1.0
,1,101,1,2023-02-20,11:45,2023-02-20,11:45,24904.6,24941.75,1.0
,1,100,1,2023-02-20,10:45,2023-02-20,10:45,24974.7,25025.15,1.0
,1,100,1,2023-02-20,10:45,2023-02-20,10:45,24904.3,24954.75,1.0
,1,99,1,2023-02-20,10:00,2023-02-20,10:00,24986.2,25067.75,1.0
,1,99,1,2023-02-20,10:00,2023-02-20,10:00,24884.7,24966.25,1.0
,1,98,1,2023-02-19,16:45,2023-02-19,16:45,24931.1,24673.96,1.0
,1,98,1,2023-02-19,16:15,2023-02-19,16:15,25168.2,24911.06,1.0
,1,97,1,2023-02-17,20:15,2023-02-17,20:15,25036.9,25133.5,2.0
,1,97,1,2023-02-17,20:15,2023-02-17,20:15,24968.6,25065.199999999997,2.0
,1,96,1,2023-02-17,20:15,2023-02-17,20:15,24968.6,23845.969999999998,1.0
,1,96,1,2023-02-17,15:00,2023-02-17,15:00,23865.5,22742.87,1.0
,1,95,1,2023-02-16,15:45,2023-02-16,15:45,25100.7,25389.14,1.0
,1,95,1,2023-02-16,15:45,2023-02-16,15:45,24792.3,25080.739999999998,1.0
,1,94,1,2023-02-15,11:45,2023-02-15,11:45,22474.8,22486.03,1.0
,1,94,1,2023-02-15,11:45,2023-02-15,11:45,22445.6,22456.829999999998,1.0
,1,93,1,2023-02-14,15:00,2023-02-14,15:00,22316.0,22374.18,1.0
,1,93,1,2023-02-14,15:00,2023-02-14,15:00,22240.0,22298.18,1.0
,1,92,1,2023-02-14,14:15,2023-02-14,14:15,21593.6,21619.41,1.0
,1,92,1,2023-02-14,14:15,2023-02-14,14:15,21636.7,21662.510000000002,1.0
,1,91,1,2023-02-13,08:30,2023-02-13,08:30,21690.7,21752.32,1.0
,1,91,1,2023-02-13,08:30,2023-02-13,08:30,21769.7,21831.32,1.0
,1,90,1,2023-02-13,01:15,2023-02-13,01:15,21696.9,21727.420000000002,1.0
,1,90,1,2023-02-13,01:15,2023-02-13,01:15,21744.8,21775.32,1.0
,1,89,1,2023-02-12,21:45,2023-02-12,21:45,21696.5,21769.31,1.0
,1,89,1,2023-02-12,21:45,2023-02-12,21:45,21786.7,21859.510000000002,1.0
,1,88,1,2023-02-12,18:30,2023-02-12,18:30,21949.6,21851.01,1.0
,1,88,1,2023-02-12,16:45,2023-02-12,16:45,22030.6,21932.01,1.0
,1,87,1,2023-02-12,09:45,2023-02-12,09:45,21958.2,22042.170000000002,1.0
,1,87,1,2023-02-12,09:30,2023-02-12,09:30,21856.7,21940.670000000002,1.0
,1,86,1,2023-02-07,20:30,2023-02-07,20:30,23190.9,22767.81,1.0
,1,86,1,2023-02-07,18:30,2023-02-07,18:30,22786.2,22363.11,1.0
,1,85,1,2023-02-07,18:00,2023-02-07,18:00,23345.0,23393.45,1.0
,1,85,1,2023-02-07,18:00,2023-02-07,18:00,23277.9,23326.350000000002,1.0
,1,84,1,2023-02-01,19:45,2023-02-01,19:45,23490.7,23701.9,1.0
,1,84,1,2023-02-01,19:45,2023-02-01,19:45,23260.8,23472.0,1.0
,1,83,1,2023-02-01,08:30,2023-02-01,08:30,22938.0,22943.94,1.0
,1,83,1,2023-02-01,08:30,2023-02-01,08:30,22962.3,22968.239999999998,1.0
,1,82,1,2023-01-29,13:15,2023-01-29,13:15,23618.5,23657.83,1.0
,1,82,1,2023-01-29,13:15,2023-01-29,13:15,23560.3,23599.63,1.0
,1,81,1,2023-01-29,10:15,2023-01-29,10:15,23497.8,23576.84,1.0
,1,81,1,2023-01-29,10:15,2023-01-29,10:15,23400.0,23479.04,1.0
,1,80,1,2023-01-29,01:30,2023-01-29,01:30,23453.5,23494.86,1.0
,1,80,1,2023-01-29,01:30,2023-01-29,01:30,23393.4,23434.760000000002,1.0
,1,79,1,2023-01-27,18:00,2023-01-27,18:00,23244.8,23273.42,1.0
,1,79,1,2023-01-27,18:00,2023-01-27,18:00,23197.6,23226.219999999998,1.0
,1,78,1,2023-01-27,16:30,2023-01-27,16:30,23078.6,22910.399999999998,1.0
,1,78,1,2023-01-27,16:00,2023-01-27,16:00,22928.8,22760.6,1.0
,1,77,1,2023-01-24,23:00,2023-01-24,23:00,22623.7,22671.87,1.0
,1,77,1,2023-01-24,22:30,2023-01-24,22:30,22690.0,22738.17,1.0
,1,76,1,2023-01-24,14:15,2023-01-24,14:15,22791.4,22801.460000000003,1.0
,1,76,1,2023-01-24,13:45,2023-01-24,13:45,22819.7,22829.760000000002,1.0
,1,75,1,2023-01-24,09:15,2023-01-24,09:15,22880.3,22898.68,1.0
,1,75,1,2023-01-24,09:15,2023-01-24,09:15,22917.0,22935.38,1.0
,1,74,1,2023-01-23,19:45,2023-01-23,19:45,22657.7,22727.84,1.0
,1,74,1,2023-01-23,19:45,2023-01-23,19:45,22746.0,22816.14,1.0
,1,73,1,2023-01-23,18:00,2023-01-23,18:00,23127.1,23165.12,1.0
,1,73,1,2023-01-23,18:00,2023-01-23,18:00,23070.6,23108.62,1.0
,1,72,1,2023-01-23,15:00,2023-01-23,15:00,22592.0,22617.71,1.0
,1,72,1,2023-01-23,15:00,2023-01-23,15:00,22635.8,22661.51,1.0
,1,71,1,2023-01-22,16:00,2023-01-22,16:00,22689.4,22757.11,1.0
,1,71,1,2023-01-22,15:30,2023-01-22,15:30,22775.3,22843.01,1.0
,1,70,1,2023-01-21,15:30,2023-01-21,15:30,23283.6,23324.6,1.0
,1,70,1,2023-01-21,15:30,2023-01-21,15:30,23224.0,23265.0,1.0
,1,69,1,2023-01-21,10:00,2023-01-21,10:00,23326.4,23606.66,1.0
,1,69,1,2023-01-21,10:00,2023-01-21,10:00,23027.6,23307.859999999997,1.0
,1,68,1,2023-01-20,15:00,2023-01-20,15:00,21198.0,21231.06,1.0
,1,68,1,2023-01-20,15:00,2023-01-20,15:00,21148.0,21181.06,1.0
,1,67,1,2023-01-17,14:15,2023-01-17,14:15,21637.6,21865.789999999997,1.0
,1,67,1,2023-01-17,14:15,2023-01-17,14:15,21392.2,21620.39,1.0
,1,66,1,2023-01-16,19:00,2023-01-16,19:00,21427.5,21551.21,1.0
,1,66,1,2023-01-16,19:00,2023-01-16,19:00,21286.7,21410.41,1.0
,1,65,1,2023-01-16,08:15,2023-01-16,08:15,20754.0,20782.68,1.0
,1,65,1,2023-01-16,08:15,2023-01-16,08:15,20799.3,20827.98,1.0
,1,64,1,2023-01-16,03:15,2023-01-16,03:15,21121.0,20867.01,1.0
,1,64,1,2023-01-16,02:30,2023-01-16,02:30,21358.0,21104.01,1.0
,1,63,1,2023-01-16,01:15,2023-01-16,01:15,21340.9,21454.780000000002,1.0
,1,63,1,2023-01-16,01:15,2023-01-16,01:15,21210.0,21323.88,1.0
,1,62,1,2023-01-13,15:15,2023-01-13,15:15,19281.1,19423.84,1.0
,1,62,1,2023-01-13,15:15,2023-01-13,15:15,19123.0,19265.74,1.0
,1,61,1,2023-01-12,18:45,2023-01-12,18:45,18821.8,18875.37,1.0
,1,61,1,2023-01-12,18:45,2023-01-12,18:45,18753.2,18806.77,1.0
,1,60,1,2023-01-12,18:00,2023-01-12,18:00,18995.3,19135.469999999998,1.0
,1,60,1,2023-01-12,18:00,2023-01-12,18:00,18840.0,18980.17,1.0
,1,59,1,2023-01-11,19:15,2023-01-11,19:15,17536.0,17546.68,1.0
,1,59,1,2023-01-11,18:15,2023-01-11,18:15,17511.3,17521.98,1.0
,1,58,1,2023-01-10,18:30,2023-01-10,18:30,17436.8,17487.68,1.0
,1,58,1,2023-01-10,18:30,2023-01-10,18:30,17372.0,17422.88,1.0
,1,57,1,2023-01-10,15:15,2023-01-10,15:15,17367.5,17387.02,1.0
,1,57,1,2023-01-10,15:15,2023-01-10,15:15,17334.1,17353.62,1.0
,1,56,1,2023-01-09,16:45,2023-01-09,16:45,17344.5,17355.13,1.0
,1,56,1,2023-01-09,16:45,2023-01-09,16:45,17320.0,17330.63,1.0
,1,55,1,2023-01-09,16:15,2023-01-09,16:15,17333.4,17359.95,1.0
,1,55,1,2023-01-09,16:15,2023-01-09,16:15,17293.0,17319.55,1.0
,1,54,1,2023-01-09,00:45,2023-01-09,00:45,17190.9,17222.57,1.0
,1,54,1,2023-01-09,00:45,2023-01-09,00:45,17145.5,17177.17,1.0
,1,53,1,2023-01-09,00:00,2023-01-09,00:00,17178.7,17219.08,1.0
,1,53,1,2023-01-09,00:00,2023-01-09,00:00,17124.6,17164.98,1.0
,1,52,1,2023-01-08,16:30,2023-01-08,16:30,16910.8,16911.17,1.0
,1,52,1,2023-01-08,16:30,2023-01-08,16:30,16924.7,16925.07,1.0
,1,51,1,2023-01-06,18:15,2023-01-06,18:15,16849.0,16852.23,1.0
,1,51,1,2023-01-06,18:15,2023-01-06,18:15,16832.3,16835.53,1.0
,1,50,1,2023-01-06,18:00,2023-01-06,18:00,16857.7,16867.82,1.0
,1,50,1,2023-01-06,16:00,2023-01-06,16:00,16834.1,16844.219999999998,1.0
,1,49,1,2023-01-06,15:45,2023-01-06,15:45,16816.9,16708.780000000002,1.0
,1,49,1,2023-01-06,14:45,2023-01-06,14:45,16722.2,16614.08,1.0
,1,48,1,2023-01-04,18:30,2023-01-04,18:30,16948.2,16967.65,1.0
,1,48,1,2023-01-04,17:45,2023-01-04,17:45,16915.2,16934.65,1.0
,1,47,1,2023-01-04,03:15,2023-01-04,03:15,16847.0,16849.23,1.0
,1,47,1,2023-01-04,03:15,2023-01-04,03:15,16831.3,16833.53,1.0
,1,46,1,2023-01-03,15:00,2023-01-03,15:00,16644.0,16639.78,1.0
,1,46,1,2023-01-03,15:00,2023-01-03,15:00,16653.1,16648.879999999997,1.0
,1,45,1,2023-01-02,17:00,2023-01-02,17:00,16704.1,16657.519999999997,1.0
,1,45,1,2023-01-02,15:45,2023-01-02,15:45,16737.3,16690.719999999998,1.0
,1,44,1,2023-01-02,14:30,2023-01-02,14:30,16683.6,16620.73,1.0
,1,44,1,2023-01-02,10:15,2023-01-02,10:15,16733.1,16670.23,1.0
,1,43,1,2023-01-02,08:15,2023-01-02,08:15,16763.0,16772.6,1.0
,1,43,1,2023-01-02,08:15,2023-01-02,08:15,16740.0,16749.6,1.0
,1,42,1,2023-01-02,07:15,2023-01-02,07:15,16767.1,16828.62,1.0
,1,42,1,2023-01-02,07:15,2023-01-02,07:15,16692.2,16753.72,1.0
,1,41,1,2023-01-02,01:15,2023-01-02,01:15,16541.7,16545.16,1.0
,1,41,1,2023-01-02,01:15,2023-01-02,01:15,16558.4,16561.86,1.0
,1,40,1,2023-01-01,20:15,2023-01-01,20:15,16618.4,16610.31,1.0
,1,40,1,2023-01-01,19:30,2023-01-01,19:30,16613.2,16605.11,1.0
,1,39,1,2022-12-30,23:30,2022-12-30,23:30,16615.4,16616.41,1.0
,1,39,1,2022-12-30,21:15,2022-12-30,21:15,16601.1,16602.109999999997,1.0
,1,38,1,2022-12-28,15:30,2022-12-28,15:30,16586.0,16634.71,1.0
,1,38,1,2022-12-28,15:30,2022-12-28,15:30,16648.0,16696.71,1.0
,1,37,1,2022-12-27,00:00,2022-12-27,00:00,16967.4,17008.45,1.0
,1,37,1,2022-12-27,00:00,2022-12-27,00:00,16912.8,16953.85,1.0
,1,36,1,2022-12-25,22:00,2022-12-25,22:00,16835.3,16833.34,1.0
,1,36,1,2022-12-25,22:00,2022-12-25,22:00,16823.8,16821.84,1.0
,1,35,1,2022-12-25,19:15,2022-12-25,19:15,16724.3,16740.309999999998,1.0
,1,35,1,2022-12-25,19:15,2022-12-25,19:15,16753.7,16769.71,1.0
,1,34,1,2022-12-25,15:00,2022-12-25,15:00,16849.4,16861.83,1.0
,1,34,1,2022-12-25,15:00,2022-12-25,15:00,16823.5,16835.93,1.0
,1,33,1,2022-12-23,14:45,2022-12-23,14:45,16775.6,16777.67,1.0
,1,33,1,2022-12-23,14:45,2022-12-23,14:45,16791.1,16793.17,1.0
,1,32,1,2022-12-23,03:00,2022-12-23,03:00,16894.0,16929.6,1.0
,1,32,1,2022-12-23,03:00,2022-12-23,03:00,16844.9,16880.5,1.0
,1,31,1,2022-12-20,15:00,2022-12-20,15:00,16964.1,17021.059999999998,1.0
,1,31,1,2022-12-20,15:00,2022-12-20,15:00,16893.6,16950.559999999998,1.0
,1,30,1,2022-12-20,02:45,2022-12-20,02:45,16804.4,16826.07,1.0
,1,30,1,2022-12-20,02:45,2022-12-20,02:45,16769.3,16790.969999999998,1.0
,1,29,1,2022-12-19,02:45,2022-12-19,02:45,16713.5,16716.02,1.0
,1,29,1,2022-12-19,02:45,2022-12-19,02:45,16729.4,16731.920000000002,1.0
,1,28,1,2022-12-14,15:15,2022-12-14,15:15,18109.7,18149.13,1.0
,1,28,1,2022-12-14,15:00,2022-12-14,15:00,18055.8,18095.23,1.0
,1,27,1,2022-12-13,11:15,2022-12-13,11:15,17443.6,17449.85,1.0
,1,27,1,2022-12-13,10:30,2022-12-13,10:30,17423.4,17429.65,1.0
,1,26,1,2022-12-13,10:00,2022-12-13,10:00,17475.9,17507.140000000003,1.0
,1,26,1,2022-12-13,10:00,2022-12-13,10:00,17430.7,17461.940000000002,1.0
,1,25,1,2022-12-12,23:30,2022-12-12,23:30,17209.4,17219.140000000003,1.0
,1,25,1,2022-12-12,21:45,2022-12-12,21:45,17185.9,17195.640000000003,1.0
,1,24,1,2022-12-11,19:15,2022-12-11,19:15,17240.7,17234.71,1.0
,1,24,1,2022-12-11,19:15,2022-12-11,19:15,17232.9,17226.91,1.0
,1,23,1,2022-12-05,08:30,2022-12-05,08:30,17376.8,17395.71,1.0
,1,23,1,2022-12-05,08:30,2022-12-05,08:30,17344.0,17362.91,1.0
,1,22,1,2022-12-05,01:45,2022-12-05,01:45,17281.2,17304.690000000002,1.0
,1,22,1,2022-12-05,00:45,2022-12-05,00:45,17243.9,17267.390000000003,1.0
,1,21,1,2022-12-04,11:30,2022-12-04,11:30,16892.7,16939.36,1.0
,1,21,1,2022-12-04,11:30,2022-12-04,11:30,16952.9,16999.56,1.0
,1,20,1,2022-11-30,19:15,2022-11-30,19:15,17136.2,17227.43,1.0
,1,20,1,2022-11-30,19:15,2022-11-30,19:15,17031.3,17122.53,1.0
,1,19,1,2022-11-30,00:45,2022-11-30,00:45,16873.6,16902.019999999997,1.0
,1,19,1,2022-11-30,00:45,2022-11-30,00:45,16831.7,16860.12,1.0
,1,18,1,2022-11-29,15:00,2022-11-29,15:00,16339.1,16342.62,1.0
,1,18,1,2022-11-29,15:00,2022-11-29,15:00,16355.7,16359.220000000001,1.0
,1,17,1,2022-11-29,05:15,2022-11-29,05:15,16515.0,16533.3,1.0
,1,17,1,2022-11-29,05:15,2022-11-29,05:15,16483.5,16501.8,1.0
,1,16,1,2022-11-26,15:00,2022-11-26,15:00,16544.1,16548.559999999998,1.0
,1,16,1,2022-11-26,15:00,2022-11-26,15:00,16561.8,16566.26,1.0
,1,15,1,2022-11-26,03:15,2022-11-26,03:15,16604.0,16529.99,1.0
,1,15,1,2022-11-26,01:30,2022-11-26,01:30,16664.7,16590.690000000002,1.0
,1,14,1,2022-11-23,02:30,2022-11-23,02:30,16540.7,16632.71,1.0
,1,14,1,2022-11-23,02:30,2022-11-23,02:30,16435.5,16527.51,1.0
,1,13,1,2022-11-22,14:00,2022-11-22,14:00,16211.3,16247.25,1.0
,1,13,1,2022-11-22,14:00,2022-11-22,14:00,16162.4,16198.35,1.0
,1,12,1,2022-11-20,08:45,2022-11-20,08:45,16561.0,16558.45,1.0
,1,12,1,2022-11-20,08:45,2022-11-20,08:45,16571.7,16569.15,1.0
,1,11,1,2022-11-18,00:15,2022-11-18,00:15,16869.9,16886.52,1.0
,1,11,1,2022-11-18,00:15,2022-11-18,00:15,16839.8,16856.42,1.0
,1,10,1,2022-11-17,21:15,2022-11-17,21:15,16696.5,16513.41,1.0
,1,10,1,2022-11-17,16:00,2022-11-17,16:00,16526.7,16343.61,1.0
,1,9,1,2022-11-14,07:30,2022-11-14,07:30,16839.1,16907.46,1.0
,1,9,1,2022-11-14,07:30,2022-11-14,07:30,16757.3,16825.66,1.0
,1,8,1,2022-11-11,00:30,2022-11-11,00:30,17485.6,16855.769999999997,1.0
,1,8,1,2022-11-10,21:00,2022-11-10,21:00,18101.2,17471.37,1.0
,1,7,1,2022-11-08,17:30,2022-11-08,17:30,19735.6,19814.17,1.0
,1,7,1,2022-11-08,17:30,2022-11-08,17:30,19830.0,19908.57,1.0
,1,6,1,2022-11-08,17:15,2022-11-08,17:15,20093.1,12325.679999999998,16.02978
,1,6,1,2022-11-08,16:45,2022-11-08,16:45,20561.4,12793.980000000001,16.02978
,1,5,1,2022-11-07,03:00,2022-11-07,03:00,20893.7,21578.440000000002,10.894244
,1,5,1,2022-11-07,02:30,2022-11-07,02:30,20973.3,21658.04,10.894244
,1,4,1,2022-11-04,12:45,2022-11-04,12:45,20765.4,21463.120000000003,5.661327
,1,4,1,2022-11-04,12:45,2022-11-04,12:45,20625.6,21323.32,5.661327
,1,3,1,2022-11-02,19:30,2022-11-02,19:30,20153.1,20426.329999999998,3.612139
,1,3,1,2022-11-02,19:30,2022-11-02,19:30,20244.9,20518.13,3.612139
,1,2,1,2022-11-02,18:15,2022-11-02,18:15,20756.4,20970.65,2.00526
,1,2,1,2022-11-02,18:15,2022-11-02,18:15,20633.0,20847.25,2.00526
,1,1,1,2022-11-02,18:00,2022-11-02,18:00,20148.6,20414.969999999998,1.0
,1,1,1,2022-11-02,18:00,2022-11-02,18:00,20431.2,20697.57,1.0
