交易 #,種類,信號,日期/時間,價格 USDT,合約,獲利 USDT,獲利 %,累計獲利 USDT,累計獲利 %,最大交易獲利 USDT,最大交易獲利 %,最大交易虧損 USDT,最大交易虧損 %
337,多頭出場,Trailing Stop,2023-11-08 22:15,35974.5,1,76.36,0.21,-1499730.51,0.01,96.25,0.27,14.35,0.04
337,多頭進場,Long,2023-11-08 22:15,35869.4,1,76.36,0.21,-1499730.51,0.01,96.25,0.27,14.35,0.04
336,多頭出場,Trailing Stop,2023-11-07 18:45,35550.2,1,271.88,0.77,-1499806.87,0.02,290.90,0.82,21.20,0.06
336,多頭進場,Long,2023-11-07 18:45,35250.0,1,271.88,0.77,-1499806.87,0.02,290.90,0.82,21.20,0.06
335,多頭出場,Trailing Stop,2023-11-07 18:15,35465.8,1,137.49,0.39,-1500078.75,0.01,155.88,0.44,14.12,0.04
335,多頭進場,Long,2023-11-07 18:15,35300.0,1,137.49,0.39,-1500078.75,0.01,155.88,0.44,14.12,0.04
334,多頭出場,Close entry(s) order Long,2023-11-05 18:00,35083.9,1,-156.82,-0.45,-1500216.24,-0.01,11.31,0.03,161.59,0.46
334,多頭進場,Long,2023-11-05 17:15,35212.6,1,-156.82,-0.45,-1500216.24,-0.01,11.31,0.03,161.59,0.46
333,多頭出場,Trailing Stop,2023-11-04 22:45,35205.5,1,140.30,0.4,-1500059.43,0.01,156.49,0.45,74.71,0.21
333,多頭進場,Long,2023-11-04 22:45,35037.1,1,140.30,0.4,-1500059.43,0.01,156.49,0.45,74.71,0.21
332,多頭出場,Trailing Stop,2023-11-01 21:00,35727.1,1,204.11,0.57,-1500199.73,0.01,225.30,0.63,14.20,0.04
332,多頭進場,Long,2023-11-01 21:00,35494.5,1,204.11,0.57,-1500199.73,0.01,225.30,0.63,14.20,0.04
331,多頭出場,Trailing Stop,2023-11-01 13:00,34918.6,1,65.30,0.19,-1500403.84,0,82.47,0.24,95.13,0.27
331,多頭進場,Long,2023-11-01 13:00,34825.4,1,65.30,0.19,-1500403.84,0,82.47,0.24,95.13,0.27
330,空頭出場,Trailing Stop,2023-10-31 13:00,34267.2,1,21.87,0.06,-1500469.14,0,38.47,0.11,49.83,0.15
330,空頭進場,Short,2023-10-31 13:00,34316.5,1,21.87,0.06,-1500469.14,0,38.47,0.11,49.83,0.15
329,空頭出場,Trailing Stop,2023-10-30 17:15,34054.8,1,93.51,0.27,-1500491.01,0.01,111.93,0.33,112.17,0.33
329,空頭進場,Short,2023-10-30 17:15,34175.6,1,93.51,0.27,-1500491.01,0.01,111.93,0.33,112.17,0.33
328,空頭出場,Trailing Stop,2023-10-30 17:00,34133.2,1,236.29,0.69,-1500584.52,0.02,254.14,0.74,95.46,0.28
328,空頭進場,Short,2023-10-30 16:45,34396.9,1,236.29,0.69,-1500584.52,0.02,254.14,0.74,95.46,0.28
327,多頭出場,Trailing Stop,2023-10-30 14:15,34845.7,1,11.54,0.03,-1500820.81,0,29.78,0.09,13.92,0.04
327,多頭進場,Long,2023-10-30 14:15,34806.3,1,11.54,0.03,-1500820.81,0,29.78,0.09,13.92,0.04
326,多頭出場,Trailing Stop,2023-10-30 12:00,34684.5,1,28.98,0.08,-1500832.34,0,46.35,0.13,56.55,0.16
326,多頭進場,Long,2023-10-30 12:00,34627.8,1,28.98,0.08,-1500832.34,0,46.35,0.13,56.55,0.16
325,多頭出場,Close entry(s) order Long,2023-10-30 10:15,34474.2,1,-177.34,-0.51,-1500861.32,-0.01,3.65,0.01,164.95,0.48
325,多頭進場,Long,2023-10-30 09:45,34623.9,1,-177.34,-0.51,-1500861.32,-0.01,3.65,0.01,164.95,0.48
324,多頭出場,Trailing Stop,2023-10-29 18:15,34741.7,1,15.92,0.05,-1500683.98,0,33.22,0.1,44.18,0.13
324,多頭進場,Long,2023-10-29 18:15,34698.0,1,15.92,0.05,-1500683.98,0,33.22,0.1,44.18,0.13
323,多頭出場,Trailing Stop,2023-10-29 13:00,34550.3,1,82.00,0.24,-1500699.90,0.01,97.82,0.28,103.58,0.3
323,多頭進場,Long,2023-10-29 13:00,34440.7,1,82.00,0.24,-1500699.90,0.01,97.82,0.28,103.58,0.3
322,空頭出場,Trailing Stop,2023-10-28 14:00,33940.8,1,67.91,0.2,-1500781.91,0,84.49,0.25,50.21,0.15
322,空頭進場,Short,2023-10-28 14:00,34035.9,1,67.91,0.2,-1500781.91,0,84.49,0.25,50.21,0.15
321,多頭出場,Close entry(s) order Long,2023-10-24 08:15,33899.1,1,-918.88,-2.64,-1500849.82,-0.06,155.58,0.45,1021.42,2.93
321,多頭進場,Long,2023-10-24 03:30,34790.5,1,-918.88,-2.64,-1500849.82,-0.06,155.58,0.45,1021.42,2.93
320,多頭出場,Trailing Stop,2023-10-23 20:00,31370.9,1,189.39,0.61,-1499930.94,0.01,209.84,0.67,17.26,0.06
320,多頭進場,Long,2023-10-23 20:00,31156.5,1,189.39,0.61,-1499930.94,0.01,209.84,0.67,17.26,0.06
319,多頭出場,Trailing Stop,2023-10-23 17:45,31278.3,1,250.89,0.81,-1500120.33,0.02,268.50,0.87,59.60,0.19
319,多頭進場,Long,2023-10-23 17:45,31002.5,1,250.89,0.81,-1500120.33,0.02,268.50,0.87,59.60,0.19
318,多頭出場,Trailing Stop,2023-10-23 04:45,30813.8,1,301.28,0.99,-1500371.22,0.02,317.80,1.04,22.10,0.07
318,多頭進場,Long,2023-10-23 04:45,30488.0,1,301.28,0.99,-1500371.22,0.02,317.80,1.04,22.10,0.07
317,多頭出場,Trailing Stop,2023-10-23 02:30,30646.5,1,216.78,0.71,-1500672.50,0.01,232.54,0.76,162.46,0.53
317,多頭進場,Long,2023-10-23 02:30,30405.3,1,216.78,0.71,-1500672.50,0.01,232.54,0.76,162.46,0.53
316,多頭出場,Trailing Stop,2023-10-21 19:00,30371.6,1,214.90,0.71,-1500889.28,0.01,230.05,0.76,194.55,0.65
316,多頭進場,Long,2023-10-21 19:00,30132.5,1,214.90,0.71,-1500889.28,0.01,230.05,0.76,194.55,0.65
315,多頭出場,Trailing Stop,2023-10-20 04:30,29331.4,1,20.85,0.07,-1501104.18,0,36.59,0.12,11.71,0.04
315,多頭進場,Long,2023-10-20 04:30,29287.1,1,20.85,0.07,-1501104.18,0,36.59,0.12,11.71,0.04
314,多頭出場,Trailing Stop,2023-10-20 03:45,29197.4,1,277.56,0.96,-1501125.03,0.02,291.84,1.01,11.56,0.04
314,多頭進場,Long,2023-10-20 03:45,28896.6,1,277.56,0.96,-1501125.03,0.02,291.84,1.01,11.56,0.04
313,多頭出場,Trailing Stop,2023-10-16 14:30,30713.6,1,1219.13,4.14,-1501402.59,0.08,1237.81,4.2,11.79,0.04
313,多頭進場,Long,2023-10-16 14:30,29470.4,1,1219.13,4.14,-1501402.59,0.08,1237.81,4.2,11.79,0.04
312,多頭出場,Trailing Stop,2023-10-16 07:00,27963.8,1,38.05,0.14,-1502621.72,0,53.44,0.19,61.56,0.22
312,多頭進場,Long,2023-10-16 07:00,27903.4,1,38.05,0.14,-1502621.72,0,53.44,0.19,61.56,0.22
311,多頭出場,Trailing Stop,2023-10-15 18:30,27012.5,1,10.80,0.04,-1502659.77,0,22.61,0.08,10.79,0.04
311,多頭進場,Long,2023-10-15 18:30,26980.1,1,10.80,0.04,-1502659.77,0,22.61,0.08,10.79,0.04
310,空頭出場,Trailing Stop,2023-10-15 16:00,26839.7,1,-11.48,-0.04,-1502670.57,0,0.26,0,70.24,0.26
310,空頭進場,Short,2023-10-15 15:00,26849.7,1,-11.48,-0.04,-1502670.57,0,0.26,0,70.24,0.26
309,多頭出場,Trailing Stop,2023-10-13 14:00,26971.3,1,29.64,0.11,-1502659.10,0,41.93,0.16,10.77,0.04
309,多頭進場,Long,2023-10-13 14:00,26920.1,1,29.64,0.11,-1502659.10,0,41.93,0.16,10.77,0.04
308,空頭出場,Trailing Stop,2023-10-11 12:30,27190.2,1,0.14,0,-1502688.74,0,13.12,0.05,118.78,0.44
308,空頭進場,Short,2023-10-11 11:15,27212.1,1,0.14,0,-1502688.74,0,13.12,0.05,118.78,0.44
307,空頭出場,Trailing Stop,2023-10-09 02:00,27782.1,1,-0.13,0,-1502688.88,0,12.78,0.05,66.32,0.24
307,空頭進場,Short,2023-10-09 01:30,27804.2,1,-0.13,0,-1502688.88,0,12.78,0.05,66.32,0.24
306,空頭出場,Trailing Stop,2023-10-09 01:45,27789.3,1,0.16,0,-1502699.87,0,13.08,0.05,128.92,0.46
306,空頭進場,Short,2023-10-08 23:15,27811.7,1,0.16,0,-1502699.87,0,13.08,0.05,128.92,0.46
305,空頭出場,Close entry(s) order Short,2023-10-08 22:15,27930.1,1,-148.49,-0.53,-1502688.90,-0.01,0,0,145.32,0.52
305,空頭進場,Short,2023-10-08 19:30,27803.9,1,-148.49,-0.53,-1502688.90,-0.01,0,0,145.32,0.52
304,多頭出場,Trailing Stop,2023-10-06 16:45,28031.3,1,66.31,0.24,-1502540.41,0,81.82,0.29,73.18,0.26
304,多頭進場,Long,2023-10-06 16:45,27942.6,1,66.31,0.24,-1502540.41,0,81.82,0.29,73.18,0.26
303,空頭出場,Trailing Stop,2023-10-06 13:45,27162.4,1,333.63,1.21,-1502606.72,0.02,346.89,1.26,22.51,0.08
303,空頭進場,Short,2023-10-06 13:45,27517.9,1,333.63,1.21,-1502606.72,0.02,346.89,1.26,22.51,0.08
302,空頭出場,Trailing Stop,2023-10-05 16:30,27383.6,1,247.69,0.9,-1502940.35,0.02,262.24,0.95,11.46,0.04
302,空頭進場,Short,2023-10-05 16:30,27653.3,1,247.69,0.9,-1502940.35,0.02,262.24,0.95,11.46,0.04
301,多頭出場,Trailing Stop,2023-10-05 15:00,28005.7,1,6.71,0.02,-1503188.03,0,20.51,0.07,11.19,0.04
301,多頭進場,Long,2023-10-05 15:00,27976.6,1,6.71,0.02,-1503188.03,0,20.51,0.07,11.19,0.04
300,多頭出場,Trailing Stop,2023-10-05 14:15,28069.1,1,207.54,0.75,-1503194.74,0.01,220.46,0.79,13.44,0.05
300,多頭進場,Long,2023-10-05 14:15,27839.2,1,207.54,0.75,-1503194.74,0.01,220.46,0.79,13.44,0.05
299,空頭出場,Trailing Stop,2023-10-04 15:00,27366.0,1,16.69,0.06,-1503402.28,0,29.74,0.11,10.96,0.04
299,空頭進場,Short,2023-10-04 15:00,27404.6,1,16.69,0.06,-1503402.28,0,29.74,0.11,10.96,0.04
298,多頭出場,Trailing Stop,2023-10-02 14:45,28546.9,1,113.12,0.4,-1503418.97,0.01,127.64,0.45,98.16,0.35
298,多頭進場,Long,2023-10-02 14:45,28411.0,1,113.12,0.4,-1503418.97,0.01,127.64,0.45,98.16,0.35
297,多頭出場,Trailing Stop,2023-10-02 05:00,28143.3,1,31.31,0.11,-1503532.09,0,45.96,0.16,94.24,0.34
297,多頭進場,Long,2023-10-02 04:45,28089.5,1,31.31,0.11,-1503532.09,0,45.96,0.16,94.24,0.34
296,多頭出場,Close entry(s) order Long,2023-10-01 13:15,27132.9,1,-96.94,-0.36,-1503563.39,-0.01,0,0,88.98,0.33
296,多頭進場,Long,2023-10-01 12:45,27208.1,1,-96.94,-0.36,-1503563.39,-0.01,0,0,88.98,0.33
295,多頭出場,Trailing Stop,2023-09-28 15:45,26897.2,1,95.93,0.36,-1503466.46,0.01,109.49,0.41,33.51,0.13
295,多頭進場,Long,2023-09-28 15:45,26779.8,1,95.93,0.36,-1503466.46,0.01,109.49,0.41,33.51,0.13
294,空頭出場,Trailing Stop,2023-09-27 15:30,26153.8,1,152.01,0.58,-1503562.39,0.01,166.27,0.63,10.63,0.04
294,空頭進場,Short,2023-09-27 15:30,26326.8,1,152.01,0.58,-1503562.39,0.01,166.27,0.63,10.63,0.04
293,多頭出場,Trailing Stop,2023-09-27 11:00,26428.9,1,24.48,0.09,-1503714.39,0,36.15,0.14,47.05,0.18
293,多頭進場,Long,2023-09-27 11:00,26383.3,1,24.48,0.09,-1503714.39,0,36.15,0.14,47.05,0.18
292,空頭出場,Trailing Stop,2023-09-26 02:30,26222.3,1,-5.28,-0.02,-1503738.87,0,6.50,0.02,212.50,0.81
292,空頭進場,Short,2023-09-25 18:30,26238.0,1,-5.28,-0.02,-1503738.87,0,6.50,0.02,212.50,0.81
291,空頭出場,Trailing Stop,2023-09-24 20:15,26301.8,1,194.07,0.73,-1503733.59,0.01,206.39,0.78,17.01,0.06
291,空頭進場,Short,2023-09-24 20:15,26517.0,1,194.07,0.73,-1503733.59,0.01,206.39,0.78,17.01,0.06
290,多頭出場,Trailing Stop,2023-09-24 19:00,26739.2,1,56.54,0.21,-1503927.66,0,67.94,0.25,10.66,0.04
290,多頭進場,Long,2023-09-24 19:00,26661.3,1,56.54,0.21,-1503927.66,0,67.94,0.25,10.66,0.04
289,多頭出場,Trailing Stop,2023-09-19 17:15,27467.8,1,32.55,0.12,-1503984.20,0,48.23,0.18,90.27,0.33
289,多頭進場,Long,2023-09-19 17:00,27413.3,1,32.55,0.12,-1503984.20,0,48.23,0.18,90.27,0.33
288,多頭出場,Trailing Stop,2023-09-19 16:30,27471.0,1,133.09,0.49,-1504016.74,0.01,148.27,0.54,58.43,0.21
288,多頭進場,Long,2023-09-19 16:30,27316.0,1,133.09,0.49,-1504016.74,0.01,148.27,0.54,58.43,0.21
287,多頭出場,Trailing Stop,2023-09-19 10:30,27467.7,1,193.91,0.71,-1504149.83,0.01,207.20,0.76,10.90,0.04
287,多頭進場,Long,2023-09-19 10:30,27251.9,1,193.91,0.71,-1504149.83,0.01,207.20,0.76,10.90,0.04
286,多頭出場,Trailing Stop,2023-09-18 08:30,26794.2,1,40.79,0.15,-1504343.74,0,53.31,0.2,10.69,0.04
286,多頭進場,Long,2023-09-18 08:30,26732.0,1,40.79,0.15,-1504343.74,0,53.31,0.2,10.69,0.04
285,多頭出場,Trailing Stop,2023-09-18 03:30,26738.7,1,75.35,0.28,-1504384.53,0.01,88.04,0.33,72.66,0.27
285,多頭進場,Long,2023-09-18 03:30,26642.0,1,75.35,0.28,-1504384.53,0.01,88.04,0.33,72.66,0.27
284,空頭出場,Trailing Stop,2023-09-18 02:00,26430.5,1,-1.65,-0.01,-1504459.88,0,10.52,0.04,10.58,0.04
284,空頭進場,Short,2023-09-18 02:00,26450.0,1,-1.65,-0.01,-1504459.88,0,10.52,0.04,10.58,0.04
283,多頭出場,Trailing Stop,2023-09-16 00:00,26887.5,1,101.84,0.38,-1504458.23,0.01,115.09,0.43,37.71,0.14
283,多頭進場,Long,2023-09-16 00:00,26764.2,1,101.84,0.38,-1504458.23,0.01,115.09,0.43,37.71,0.14
282,多頭出場,Close entry(s) order Long,2023-09-14 02:15,26342.3,1,-192.74,-0.73,-1504560.07,-0.01,12.19,0.05,242.41,0.91
282,多頭進場,Long,2023-09-14 02:00,26513.9,1,-192.74,-0.73,-1504560.07,-0.01,12.19,0.05,242.41,0.91
281,多頭出場,Trailing Stop,2023-09-12 05:00,25985.9,1,176.99,0.69,-1504367.32,0.01,191.08,0.74,10.32,0.04
281,多頭進場,Long,2023-09-12 05:00,25788.2,1,176.99,0.69,-1504367.32,0.01,191.08,0.74,10.32,0.04
280,多頭出場,Trailing Stop,2023-09-12 04:30,25901.5,1,20.90,0.08,-1504544.31,0,34.76,0.13,10.34,0.04
280,多頭進場,Long,2023-09-12 04:30,25859.9,1,20.90,0.08,-1504544.31,0,34.76,0.13,10.34,0.04
279,空頭出場,Trailing Stop,2023-09-11 01:45,25642.0,1,29.07,0.11,-1504565.21,0,41.52,0.16,40.48,0.16
279,空頭進場,Short,2023-09-11 01:45,25691.6,1,29.07,0.11,-1504565.21,0,41.52,0.16,40.48,0.16
278,多頭出場,Trailing Stop,2023-09-10 22:15,25893.9,1,3.99,0.02,-1504594.28,0,16.45,0.06,22.55,0.09
278,多頭進場,Long,2023-09-10 22:15,25869.2,1,3.99,0.02,-1504594.28,0,16.45,0.06,22.55,0.09
277,空頭出場,Trailing Stop,2023-09-10 18:15,25683.4,1,7.84,0.03,-1504598.27,0,19.52,0.08,19.38,0.08
277,空頭進場,Short,2023-09-10 18:15,25711.8,1,7.84,0.03,-1504598.27,0,19.52,0.08,19.38,0.08
276,多頭出場,Trailing Stop,2023-09-07 22:00,26369.5,1,357.06,1.37,-1504606.11,0.02,369.70,1.42,10.40,0.04
276,多頭進場,Long,2023-09-07 22:00,25991.5,1,357.06,1.37,-1504606.11,0.02,369.70,1.42,10.40,0.04
275,空頭出場,Trailing Stop,2023-09-05 18:00,25714.3,1,3.12,0.01,-1504963.17,0,15.90,0.06,11.70,0.05
275,空頭進場,Short,2023-09-05 18:00,25738.0,1,3.12,0.01,-1504963.17,0,15.90,0.06,11.70,0.05
274,空頭出場,Trailing Stop,2023-09-05 16:30,25658.3,1,2.56,0.01,-1504966.29,0,15.23,0.06,10.27,0.04
274,空頭進場,Short,2023-09-05 16:30,25681.4,1,2.56,0.01,-1504966.29,0,15.23,0.06,10.27,0.04
273,多頭出場,Trailing Stop,2023-08-29 15:15,27220.3,1,1019.14,3.89,-1504968.85,0.07,1031.73,3.94,20.97,0.08
273,多頭進場,Long,2023-08-29 15:15,26179.8,1,1019.14,3.89,-1504968.85,0.07,1031.73,3.94,20.97,0.08
272,空頭出場,Trailing Stop,2023-08-28 22:45,25933.3,1,7.84,0.03,-1505987.99,0,19.72,0.08,64.98,0.25
272,空頭進場,Short,2023-08-28 20:30,25961.9,1,7.84,0.03,-1505987.99,0,19.72,0.08,64.98,0.25
271,多頭出場,Trailing Stop,2023-08-28 13:30,26192.7,1,16.76,0.06,-1505995.83,0,29.04,0.11,10.46,0.04
271,多頭進場,Long,2023-08-28 13:30,26155.0,1,16.76,0.06,-1505995.83,0,29.04,0.11,10.46,0.04
270,空頭出場,Trailing Stop,2023-08-27 23:00,26030.7,1,7.06,0.03,-1506012.59,0,18.58,0.07,10.42,0.04
270,空頭進場,Short,2023-08-27 23:00,26058.6,1,7.06,0.03,-1506012.59,0,18.58,0.07,10.42,0.04
269,空頭出場,Trailing Stop,2023-08-27 19:00,26021.0,1,12.37,0.05,-1506019.66,0,23.78,0.09,34.72,0.13
269,空頭進場,Short,2023-08-27 19:00,26054.2,1,12.37,0.05,-1506019.66,0,23.78,0.09,34.72,0.13
268,多頭出場,Trailing Stop,2023-08-27 15:15,26166.5,1,25.49,0.1,-1506032.03,0,36.55,0.14,33.35,0.13
268,多頭進場,Long,2023-08-27 15:15,26120.1,1,25.49,0.1,-1506032.03,0,36.55,0.14,33.35,0.13
267,多頭出場,Close entry(s) order Long,2023-08-23 23:00,26306.3,1,-355.98,-1.34,-1506057.51,-0.02,0,0,450.76,1.69
267,多頭進場,Long,2023-08-23 21:30,26641.1,1,-355.98,-1.34,-1506057.51,-0.02,0,0,450.76,1.69
266,空頭出場,Trailing Stop,2023-08-23 15:15,25912.2,1,9.86,0.04,-1505701.54,0,22.42,0.09,10.38,0.04
266,空頭進場,Short,2023-08-23 15:15,25942.8,1,9.86,0.04,-1505701.54,0,22.42,0.09,10.38,0.04
265,空頭出場,Trailing Stop,2023-08-22 18:30,25696.2,1,210.75,0.81,-1505711.39,0.01,223.63,0.86,18.07,0.07
265,空頭進場,Short,2023-08-22 18:30,25927.6,1,210.75,0.81,-1505711.39,0.01,223.63,0.86,18.07,0.07
264,多頭出場,Close entry(s) order Long,2023-08-22 01:30,26088.3,1,-121.71,-0.46,-1505922.14,-0.01,3.52,0.01,122.48,0.47
264,多頭進場,Long,2023-08-21 22:45,26189.1,1,-121.71,-0.46,-1505922.14,-0.01,3.52,0.01,122.48,0.47
263,空頭出場,Close entry(s) order Short,2023-08-21 20:45,26102.8,1,-270.68,-1.05,-1505800.43,-0.02,0,0,317.34,1.23
263,空頭進場,Short,2023-08-21 16:30,25852.9,1,-270.68,-1.05,-1505800.43,-0.02,0,0,317.34,1.23
262,空頭出場,Trailing Stop,2023-08-21 06:45,26084.4,1,-1.98,-0.01,-1505529.75,0,9.96,0.04,10.44,0.04
262,空頭進場,Short,2023-08-21 06:45,26103.3,1,-1.98,-0.01,-1505529.75,0,9.96,0.04,10.44,0.04
261,多頭出場,Trailing Stop,2023-08-20 21:45,26283.3,1,12.39,0.05,-1505527.78,0,24.60,0.09,10.50,0.04
261,多頭進場,Long,2023-08-20 21:45,26249.9,1,12.39,0.05,-1505527.78,0,24.60,0.09,10.50,0.04
260,空頭出場,Trailing Stop,2023-08-18 05:15,26156.2,1,155.90,0.59,-1505540.16,0.01,172.57,0.66,671.43,2.55
260,空頭進場,Short,2023-08-17 23:45,26333.1,1,155.90,0.59,-1505540.16,0.01,172.57,0.66,671.43,2.55
259,空頭出場,Trailing Stop,2023-08-14 19:15,29273.2,1,18.46,0.06,-1505696.07,0,32.67,0.11,53.53,0.18
259,空頭進場,Short,2023-08-14 19:15,29315.1,1,18.46,0.06,-1505696.07,0,32.67,0.11,53.53,0.18
258,多頭出場,Trailing Stop,2023-08-14 16:30,29661.6,1,3.68,0.01,-1505714.53,0,17.35,0.06,11.85,0.04
258,多頭進場,Long,2023-08-14 16:30,29634.2,1,3.68,0.01,-1505714.53,0,17.35,0.06,11.85,0.04
257,多頭出場,Trailing Stop,2023-08-14 15:15,29452.9,1,8.25,0.03,-1505718.21,0,21.13,0.07,35.27,0.12
257,多頭進場,Long,2023-08-14 15:15,29421.1,1,8.25,0.03,-1505718.21,0,21.13,0.07,35.27,0.12
256,空頭出場,Trailing Stop,2023-08-13 23:00,29331.5,1,9.82,0.03,-1505726.46,0,22.05,0.08,14.25,0.05
256,空頭進場,Short,2023-08-13 22:45,29364.8,1,9.82,0.03,-1505726.46,0,22.05,0.08,14.25,0.05
255,多頭出場,Trailing Stop,2023-08-08 12:00,29397.0,1,84.53,0.29,-1505736.28,0.01,97.28,0.33,30.62,0.1
255,多頭進場,Long,2023-08-08 12:00,29289.0,1,84.53,0.29,-1505736.28,0.01,97.28,0.33,30.62,0.1
254,多頭出場,Trailing Stop,2023-08-07 19:15,29173.0,1,38.19,0.13,-1505820.81,0,52.96,0.18,17.54,0.06
254,多頭進場,Long,2023-08-07 19:15,29111.5,1,38.19,0.13,-1505820.81,0,52.96,0.18,17.54,0.06
253,多頭出場,Trailing Stop,2023-08-07 02:30,29193.6,1,2.26,0.01,-1505859.00,0,15.33,0.05,11.67,0.04
253,多頭進場,Long,2023-08-07 02:30,29168.0,1,2.26,0.01,-1505859.00,0,15.33,0.05,11.67,0.04
252,多頭出場,Trailing Stop,2023-08-06 22:15,29197.1,1,-9.15,-0.03,-1505861.25,0,3.53,0.01,11.67,0.04
252,多頭進場,Long,2023-08-06 22:15,29182.9,1,-9.15,-0.03,-1505861.25,0,3.53,0.01,11.67,0.04
251,多頭出場,Trailing Stop,2023-08-02 00:15,29471.6,1,80.06,0.27,-1505852.10,0.01,94.25,0.32,64.25,0.22
251,多頭進場,Long,2023-08-02 00:15,29368.0,1,80.06,0.27,-1505852.10,0.01,94.25,0.32,64.25,0.22
250,多頭出場,Trailing Stop,2023-08-01 20:00,29327.2,1,42.36,0.14,-1505932.16,0,56.90,0.19,51.60,0.18
250,多頭進場,Long,2023-08-01 20:00,29261.4,1,42.36,0.14,-1505932.16,0,56.90,0.19,51.60,0.18
249,多頭出場,Trailing Stop,2023-07-31 01:45,29523.7,1,7.39,0.03,-1505974.53,0,21.30,0.07,11.80,0.04
249,多頭進場,Long,2023-07-31 01:45,29492.7,1,7.39,0.03,-1505974.53,0,21.30,0.07,11.80,0.04
248,空頭出場,Trailing Stop,2023-07-30 21:00,29007.4,1,156.52,0.54,-1505981.92,0.01,169.53,0.58,11.67,0.04
248,空頭進場,Short,2023-07-30 21:00,29187.2,1,156.52,0.54,-1505981.92,0.01,169.53,0.58,11.67,0.04
247,多頭出場,Trailing Stop,2023-07-30 16:30,29430.7,1,-2.54,-0.01,-1506138.44,0,10.34,0.04,33.56,0.11
247,多頭進場,Long,2023-07-30 16:30,29409.7,1,-2.54,-0.01,-1506138.44,0,10.34,0.04,33.56,0.11
246,空頭出場,Close entry(s) order Short,2023-07-30 16:00,29377.2,1,-199.43,-0.68,-1506135.91,-0.01,8.92,0.03,240.48,0.82
246,空頭進場,Short,2023-07-28 18:45,29201.2,1,-199.43,-0.68,-1506135.91,-0.01,8.92,0.03,240.48,0.82
245,多頭出場,Trailing Stop,2023-07-28 16:00,29533.9,1,34.70,0.12,-1505936.48,0,48.31,0.16,62.19,0.21
245,多頭進場,Long,2023-07-28 16:00,29475.6,1,34.70,0.12,-1505936.48,0,48.31,0.16,62.19,0.21
244,多頭出場,Trailing Stop,2023-07-26 21:45,29663.5,1,75.71,0.26,-1505971.17,0.01,91.07,0.31,14.83,0.05
244,多頭進場,Long,2023-07-26 21:45,29564.1,1,75.71,0.26,-1505971.17,0.01,91.07,0.31,14.83,0.05
243,多頭出場,Trailing Stop,2023-07-26 21:15,29580.0,1,119.59,0.41,-1506046.88,0.01,134.43,0.46,28.47,0.1
243,多頭進場,Long,2023-07-26 21:15,29436.8,1,119.59,0.41,-1506046.88,0.01,134.43,0.46,28.47,0.1
242,空頭出場,Trailing Stop,2023-07-26 07:45,29172.5,1,0.15,0,-1506166.48,0,13.62,0.05,30.48,0.1
242,空頭進場,Short,2023-07-26 07:45,29196.0,1,0.15,0,-1506166.48,0,13.62,0.05,30.48,0.1
241,多頭出場,Trailing Stop,2023-07-23 06:30,29968.1,1,-10.67,-0.04,-1506166.63,0,2.62,0.01,11.98,0.04
241,多頭進場,Long,2023-07-23 06:30,29954.8,1,-10.67,-0.04,-1506166.63,0,2.62,0.01,11.98,0.04
240,空頭出場,Trailing Stop,2023-07-23 01:30,29744.9,1,-8.60,-0.03,-1506155.96,0,4.80,0.02,48.30,0.16
240,空頭進場,Short,2023-07-23 01:15,29760.1,1,-8.60,-0.03,-1506155.96,0,4.80,0.02,48.30,0.16
239,空頭出場,Trailing Stop,2023-07-20 15:45,29603.0,1,156.65,0.53,-1506147.36,0.01,171.49,0.58,78.51,0.26
239,空頭進場,Short,2023-07-20 15:45,29783.4,1,156.65,0.53,-1506147.36,0.01,171.49,0.58,78.51,0.26
238,多頭出場,Trailing Stop,2023-07-20 08:45,30217.1,1,-1.86,-0.01,-1506304.00,0,12.42,0.04,40.58,0.13
238,多頭進場,Long,2023-07-20 08:30,30194.8,1,-1.86,-0.01,-1506304.00,0,12.42,0.04,40.58,0.13
237,多頭出場,Trailing Stop,2023-07-20 06:45,30159.5,1,2.18,0.01,-1506302.14,0,16.15,0.05,12.05,0.04
237,多頭進場,Long,2023-07-20 06:45,30133.2,1,2.18,0.01,-1506302.14,0,16.15,0.05,12.05,0.04
236,空頭出場,Trailing Stop,2023-07-19 15:15,29835.2,1,20.31,0.07,-1506304.32,0,35.15,0.12,57.55,0.19
236,空頭進場,Short,2023-07-19 15:15,29879.4,1,20.31,0.07,-1506304.32,0,35.15,0.12,57.55,0.19
235,空頭出場,Trailing Stop,2023-07-17 18:45,29982.1,1,49.98,0.17,-1506324.63,0,65.08,0.22,43.82,0.15
235,空頭進場,Short,2023-07-17 18:45,30056.1,1,49.98,0.17,-1506324.63,0,65.08,0.22,43.82,0.15
234,空頭出場,Trailing Stop,2023-07-17 18:15,29887.7,1,101.24,0.34,-1506374.62,0.01,115.89,0.39,117.11,0.39
234,空頭進場,Short,2023-07-17 18:15,30012.9,1,101.24,0.34,-1506374.62,0.01,115.89,0.39,117.11,0.39
233,空頭出場,Trailing Stop,2023-07-17 18:15,30015.6,1,46.86,0.16,-1506487.86,0,63.17,0.21,68.53,0.23
233,空頭進場,Short,2023-07-17 17:45,30086.5,1,46.86,0.16,-1506487.86,0,63.17,0.21,68.53,0.23
232,空頭出場,Trailing Stop,2023-07-17 13:15,30018.2,1,35.76,0.12,-1506522.72,0,50.07,0.17,40.63,0.14
232,空頭進場,Short,2023-07-17 13:15,30078.0,1,35.76,0.12,-1506522.72,0,50.07,0.17,40.63,0.14
231,空頭出場,Trailing Stop,2023-07-17 00:30,30112.2,1,53.08,0.18,-1506558.48,0,66.72,0.22,62.68,0.21
231,空頭進場,Short,2023-07-17 00:30,30189.4,1,53.08,0.18,-1506558.48,0,66.72,0.22,62.68,0.21
230,多頭出場,Trailing Stop,2023-07-13 18:45,31195.1,1,50.17,0.16,-1506611.56,0,67.55,0.22,82.45,0.26
230,多頭進場,Long,2023-07-13 18:45,31120.0,1,50.17,0.16,-1506611.56,0,67.55,0.22,82.45,0.26
229,多頭出場,Trailing Stop,2023-07-13 16:45,31201.7,1,170.72,0.55,-1506661.73,0.01,186.80,0.6,163.50,0.53
229,多頭進場,Long,2023-07-13 16:45,31006.1,1,170.72,0.55,-1506661.73,0.01,186.80,0.6,163.50,0.53
228,空頭出場,Trailing Stop,2023-07-12 16:45,30451.1,1,42.81,0.14,-1506832.45,0,59.09,0.19,78.01,0.26
228,空頭進場,Short,2023-07-12 16:45,30518.3,1,42.81,0.14,-1506832.45,0,59.09,0.19,78.01,0.26
227,多頭出場,Trailing Stop,2023-07-12 13:30,30978.6,1,166.69,0.54,-1506875.26,0.01,180.99,0.59,128.31,0.42
227,多頭進場,Long,2023-07-12 13:30,30787.2,1,166.69,0.54,-1506875.26,0.01,180.99,0.59,128.31,0.42
226,空頭出場,Trailing Stop,2023-07-11 10:30,30348.8,1,32.20,0.11,-1507041.96,0,46.54,0.15,17.26,0.06
226,空頭進場,Short,2023-07-11 10:30,30405.3,1,32.20,0.11,-1507041.96,0,46.54,0.15,17.26,0.06
225,空頭出場,Trailing Stop,2023-07-10 23:00,30164.4,1,94.22,0.31,-1507074.15,0.01,110.99,0.37,64.81,0.21
225,空頭進場,Short,2023-07-10 23:00,30282.8,1,94.22,0.31,-1507074.15,0.01,110.99,0.37,64.81,0.21
224,多頭出場,Trailing Stop,2023-07-10 19:30,30495.9,1,135.57,0.45,-1507168.38,0.01,149.87,0.49,107.33,0.35
224,多頭進場,Long,2023-07-10 18:00,30336.0,1,135.57,0.45,-1507168.38,0.01,149.87,0.49,107.33,0.35
223,多頭出場,Close entry(s) order Long,2023-07-09 03:45,30260.5,153452.125757,-21967586.38,-0.47,-1507303.94,-107.37,529139.76,0.01,22273846.13,0.48
223,多頭進場,Long,2023-07-09 02:15,30379.4,153452.125757,-21967586.38,-0.47,-1507303.94,-107.37,529139.76,0.01,22273846.13,0.48
222,多頭出場,Trailing Stop,2023-07-06 08:45,30842.3,150586.790426,382044.71,0.01,20460282.43,1.9,2556054.16,0.06,1856138.80,0.04
222,多頭進場,Long,2023-07-06 08:45,30815.1,150586.790426,382044.71,0.01,20460282.43,1.9,2556054.16,0.06,1856138.80,0.04
221,多頭出場,Trailing Stop,2023-07-04 02:45,31293.2,145694.472041,652309.12,0.01,20078237.72,3.36,2913091.04,0.06,1821979.31,0.04
221,多頭進場,Long,2023-07-04 02:45,31263.7,145694.472041,652309.12,0.01,20078237.72,3.36,2913091.04,0.06,1821979.31,0.04
220,多頭出場,Trailing Stop,2023-07-03 16:15,30932.0,137674.193086,1069370.53,0.03,19425928.61,5.83,3075669.01,0.07,1701625.49,0.04
220,多頭進場,Long,2023-07-03 16:15,30899.5,137674.193086,1069370.53,0.03,19425928.61,5.83,3075669.01,0.07,1701625.49,0.04
219,多頭出場,Trailing Stop,2023-07-03 16:00,30948.1,59299.789787,10449920.44,0.57,18356558.08,132.17,11290746.39,0.62,3741750.32,0.21
219,多頭進場,Long,2023-07-03 15:45,30747.2,59299.789787,10449920.44,0.57,18356558.08,132.17,11290746.39,0.62,3741750.32,0.21
218,多頭出場,Close entry(s) order Long,2023-07-03 01:15,30647.1,72394.632215,-1745978.99,-0.08,7906637.64,-18.09,0,0,8213799.41,0.37
218,多頭進場,Long,2023-07-03 00:00,30646.7,72394.632215,-1745978.99,-0.08,7906637.64,-18.09,0,0,8213799.41,0.37
217,多頭出場,Trailing Stop,2023-07-02 23:30,30790.2,44309.604993,3744670.30,0.28,9652616.63,63.38,4392303.03,0.32,543786.97,0.04
217,多頭進場,Long,2023-07-02 23:30,30681.1,44309.604993,3744670.30,0.28,9652616.63,63.38,4392303.03,0.32,543786.97,0.04
216,多頭出場,Trailing Stop,2023-07-02 17:15,30706.7,22325.287321,2931242.36,0.43,5907946.33,98.47,3261269.93,0.48,786304.66,0.12
216,多頭進場,Long,2023-07-02 17:15,30550.9,22325.287321,2931242.36,0.43,5907946.33,98.47,3261269.93,0.48,786304.66,0.12
215,空頭出場,Trailing Stop,2023-06-30 15:30,30058.1,13868.057625,1127630.63,0.27,2976703.98,60.98,1406700.88,0.34,573657.75,0.14
215,空頭進場,Short,2023-06-30 15:30,30163.5,13868.057625,1127630.63,0.27,2976703.98,60.98,1406700.88,0.34,573657.75,0.14
214,空頭出場,Trailing Stop,2023-06-30 14:45,29506.4,2058.157157,1574653.40,2.52,1849073.35,573.81,1612117.12,2.58,29674.84,0.05
214,空頭進場,Short,2023-06-30 14:45,30295.4,2058.157157,1574653.40,2.52,1849073.35,573.81,1612117.12,2.58,29674.84,0.05
213,多頭出場,Trailing Stop,2023-06-29 11:30,30729.0,1298.781212,101250.13,0.25,274419.95,58.47,120720.93,0.3,47601.11,0.12
213,多頭進場,Long,2023-06-29 11:30,30626.5,1298.781212,101250.13,0.25,274419.95,58.47,120720.93,0.3,47601.11,0.12
212,空頭出場,Trailing Stop,2023-06-28 01:30,30459.0,1029.293534,35931.69,0.11,173169.83,26.18,51560.07,0.16,28724.82,0.09
212,空頭進場,Short,2023-06-28 01:30,30518.3,1029.293534,35931.69,0.11,173169.83,26.18,51560.07,0.16,28724.82,0.09
211,多頭出場,Trailing Stop,2023-06-27 15:30,30893.6,840.718521,25143.34,0.1,137238.14,22.43,39231.63,0.15,10370.77,0.04
211,多頭進場,Long,2023-06-27 15:30,30839.0,840.718521,25143.34,0.1,137238.14,22.43,39231.63,0.15,10370.77,0.04
210,多頭出場,Trailing Stop,2023-06-27 11:15,30693.7,639.068409,26886.68,0.14,112094.80,31.55,36394.41,0.19,7829.12,0.04
210,多頭進場,Long,2023-06-27 11:15,30627.1,639.068409,26886.68,0.14,112094.80,31.55,36394.41,0.19,7829.12,0.04
209,空頭出場,Close entry(s) order Short,2023-06-26 17:45,30196.3,427.455754,28215.02,0.22,85208.12,49.51,33420.80,0.26,76905.53,0.59
209,空頭進場,Short,2023-06-26 15:45,30286.5,427.455754,28215.02,0.22,85208.12,49.51,33420.80,0.26,76905.53,0.59
208,多頭出場,Trailing Stop,2023-06-23 16:45,31494.0,74.288292,47088.99,2.05,56993.10,475.4,48470.58,2.12,5908.45,0.26
208,多頭進場,Long,2023-06-23 16:45,30835.2,74.288292,47088.99,2.05,56993.10,475.4,48470.58,2.12,5908.45,0.26
207,多頭出場,Trailing Stop,2023-06-23 16:15,30986.0,14.524173,7968.55,1.8,9904.11,411.48,8206.66,1.86,653.08,0.15
207,多頭進場,Long,2023-06-23 16:15,30412.8,14.524173,7968.55,1.8,9904.11,411.48,8206.66,1.86,653.08,0.15
206,多頭出場,Trailing Stop,2023-06-21 15:30,29549.6,5.343777,1224.05,0.78,1935.56,171.8,1316.07,0.84,63.16,0.04
206,多頭進場,Long,2023-06-21 15:30,29297.0,5.343777,1224.05,0.78,1935.56,171.8,1316.07,0.84,63.16,0.04
205,多頭出場,Trailing Stop,2023-06-20 17:00,27087.9,4.904467,58.57,0.04,711.50,8.96,126.92,0.1,53.07,0.04
205,多頭進場,Long,2023-06-20 17:00,27054.3,4.904467,58.57,0.04,711.50,8.96,126.92,0.1,53.07,0.04
204,多頭出場,Trailing Stop,2023-06-20 01:45,27038.6,2.733206,289.50,0.39,652.93,79.44,327.54,0.45,164.72,0.22
204,多頭進場,Long,2023-06-20 01:30,26911.1,2.733206,289.50,0.39,652.93,79.44,327.54,0.45,164.72,0.22
203,多頭出場,Trailing Stop,2023-06-19 18:45,26657.5,2.63471,13.13,0.02,363.43,3.74,47.81,0.07,87.08,0.12
203,多頭進場,Long,2023-06-19 18:45,26631.2,2.63471,13.13,0.02,363.43,3.74,47.81,0.07,87.08,0.12
202,空頭出場,Trailing Stop,2023-06-18 21:15,26344.8,1.296319,178.45,0.52,350.29,103.25,194.71,0.57,50.30,0.15
202,空頭進場,Short,2023-06-18 21:15,26503.6,1.296319,178.45,0.52,350.29,103.25,194.71,0.57,50.30,0.15
201,多頭出場,Trailing Stop,2023-06-17 06:45,26747.2,1.182644,15.16,0.05,171.84,9.61,31.12,0.1,12.64,0.04
201,多頭進場,Long,2023-06-17 06:45,26713.0,1.182644,15.16,0.05,171.84,9.61,31.12,0.1,12.64,0.04
200,多頭出場,Trailing Stop,2023-06-16 17:00,25877.9,1,24.82,0.1,156.69,18.68,39.07,0.15,10.33,0.04
200,多頭進場,Long,2023-06-16 17:00,25832.4,1,24.82,0.1,156.69,18.68,39.07,0.15,10.33,0.04
199,多頭出場,Trailing Stop,2023-06-16 16:15,25680.5,1,49.08,0.19,131.87,58.58,62.66,0.24,36.94,0.14
199,多頭進場,Long,2023-06-16 16:15,25610.9,1,49.08,0.19,131.87,58.58,62.66,0.24,36.94,0.14
198,空頭出場,Trailing Stop,2023-06-12 19:00,25766.0,1,10.77,0.04,82.79,14.76,24.08,0.09,26.92,0.1
198,空頭進場,Short,2023-06-12 19:00,25797.4,1,10.77,0.04,82.79,14.76,24.08,0.09,26.92,0.1
197,空頭出場,Trailing Stop,2023-06-12 03:45,25634.6,1,67.46,0.26,72.01,1214.38,81.21,0.32,103.69,0.4
197,空頭進場,Short,2023-06-12 03:30,25722.6,1,67.46,0.26,72.01,1214.38,81.21,0.32,103.69,0.4
196,空頭出場,Trailing Stop,2023-06-12 03:15,25602.9,1,158.65,0.62,4.55,103.63,171.79,0.67,253.31,0.98
196,空頭進場,Short,2023-06-11 23:45,25782.1,1,158.65,0.62,4.55,103.63,171.79,0.67,253.31,0.98
195,多頭出場,Close entry(s) order Long,2023-06-11 23:30,25978.4,1,-176.04,-0.67,-154.09,-766.96,13.55,0.05,187.65,0.72
195,多頭進場,Long,2023-06-11 21:15,26133.6,1,-176.04,-0.67,-154.09,-766.96,13.55,0.05,187.65,0.72
194,多頭出場,Trailing Stop,2023-06-11 20:30,26091.1,1,19.24,0.07,21.95,518.61,32.58,0.13,37.42,0.14
194,多頭進場,Long,2023-06-11 20:30,26051.0,1,19.24,0.07,21.95,518.61,32.58,0.13,37.42,0.14
193,空頭出場,Trailing Stop,2023-06-10 19:45,25524.1,1,63.55,0.25,2.71,106.2,79.36,0.31,163.84,0.64
193,空頭進場,Short,2023-06-10 19:30,25608.1,1,63.55,0.25,2.71,106.2,79.36,0.31,163.84,0.64
192,空頭出場,Trailing Stop,2023-06-09 17:00,26432.3,1,11.74,0.04,-60.84,16.4,24.61,0.09,10.59,0.04
192,空頭進場,Short,2023-06-09 17:00,26465.2,1,11.74,0.04,-60.84,16.4,24.61,0.09,10.59,0.04
191,多頭出場,Trailing Stop,2023-06-06 18:30,26774.6,1,65.82,0.25,-72.58,47.9,81.93,0.31,10.67,0.04
191,多頭進場,Long,2023-06-06 18:30,26687.4,1,65.82,0.25,-72.58,47.9,81.93,0.31,10.67,0.04
190,空頭出場,Trailing Stop,2023-06-05 00:30,27105.3,1,5.60,0.02,-138.39,3.92,18.95,0.07,10.85,0.04
190,空頭進場,Short,2023-06-05 00:30,27132.6,1,5.60,0.02,-138.39,3.92,18.95,0.07,10.85,0.04
189,多頭出場,Trailing Stop,2023-06-03 17:30,27310.3,1,-4.34,-0.02,-144.00,-3.13,8.28,0.03,91.92,0.34
189,多頭進場,Long,2023-06-03 17:00,27292.8,1,-4.34,-0.02,-144.00,-3.13,8.28,0.03,91.92,0.34
188,多頭出場,Trailing Stop,2023-06-02 20:30,27276.6,3.031964,217.14,0.26,-139.66,61.03,257.49,0.31,240.35,0.29
188,多頭進場,Long,2023-06-02 20:00,27183.2,3.031964,217.14,0.26,-139.66,61.03,257.49,0.31,240.35,0.29
187,空頭出場,Close entry(s) order Short,2023-06-02 20:00,27183.2,2.031964,-626.72,-1.15,-356.79,-231.32,21.62,0.04,608.29,1.11
187,空頭進場,Short,2023-06-02 15:00,26896.4,2.031964,-626.72,-1.15,-356.79,-231.32,21.62,0.04,608.29,1.11
186,空頭出場,Trailing Stop,2023-05-31 03:45,27608.9,1.98721,5.97,0.01,269.93,2.25,32.09,0.06,110.00,0.2
186,空頭進場,Short,2023-05-31 03:15,27634.0,1.98721,5.97,0.01,269.93,2.25,32.09,0.06,110.00,0.2
185,多頭出場,Trailing Stop,2023-05-28 22:15,27647.5,1.904463,11.03,0.02,263.96,4.34,36.86,0.07,316.23,0.6
185,多頭進場,Long,2023-05-28 19:45,27619.6,1.904463,11.03,0.02,263.96,4.34,36.86,0.07,316.23,0.6
184,多頭出場,Trailing Stop,2023-05-28 01:45,27108.7,1.07553,110.52,0.38,252.93,77.07,124.23,0.43,73.99,0.25
184,多頭進場,Long,2023-05-28 01:45,26984.3,1.07553,110.52,0.38,252.93,77.07,124.23,0.43,73.99,0.25
183,多頭出場,Trailing Stop,2023-05-26 15:15,26837.9,1,234.33,0.88,142.40,257.71,247.17,0.93,10.63,0.04
183,多頭進場,Long,2023-05-26 15:15,26582.2,1,234.33,0.88,142.40,257.71,247.17,0.93,10.63,0.04
182,空頭出場,Close entry(s) order Short,2023-05-26 14:45,26536.8,1,-167.17,-0.63,-91.93,-219.26,0,0,199.66,0.76
182,空頭進場,Short,2023-05-26 13:45,26390.8,1,-167.17,-0.63,-91.93,-219.26,0,0,199.66,0.76
181,空頭出場,Trailing Stop,2023-05-25 14:45,26262.4,1,29.67,0.11,75.24,63.71,42.57,0.16,38.13,0.14
181,空頭進場,Short,2023-05-25 14:45,26313.1,1,29.67,0.11,75.24,63.71,42.57,0.16,38.13,0.14
180,多頭出場,Trailing Stop,2023-05-23 04:00,27222.6,1,81.56,0.3,45.57,233.1,94.85,0.35,27.05,0.1
180,多頭進場,Long,2023-05-23 04:00,27119.3,1,81.56,0.3,45.57,233.1,94.85,0.35,27.05,0.1
179,多頭出場,Trailing Stop,2023-05-21 02:00,27247.4,1,-3.39,-0.01,-35.99,-10.73,9.21,0.03,10.89,0.04
179,多頭進場,Long,2023-05-21 02:00,27229.0,1,-3.39,-0.01,-35.99,-10.73,9.21,0.03,10.89,0.04
178,多頭出場,Close entry(s) order Long,2023-05-20 20:00,27019.0,1,-132.56,-0.49,-32.60,-131.3,2.75,0.01,129.75,0.48
178,多頭進場,Long,2023-05-20 19:00,27129.9,1,-132.56,-0.49,-32.60,-131.3,2.75,0.01,129.75,0.48
177,空頭出場,Trailing Stop,2023-05-19 17:30,26786.0,1,62.54,0.23,99.96,162.76,77.05,0.29,95.45,0.36
177,空頭進場,Short,2023-05-19 17:00,26870.0,1,62.54,0.23,99.96,162.76,77.05,0.29,95.45,0.36
176,空頭出場,Trailing Stop,2023-05-18 16:45,27034.5,1,51.14,0.19,37.42,402.05,65.46,0.24,62.54,0.23
176,空頭進場,Short,2023-05-18 16:30,27107.3,1,51.14,0.19,37.42,402.05,65.46,0.24,62.54,0.23
175,空頭出場,Trailing Stop,2023-05-18 15:45,27010.1,1,148.42,0.55,-13.72,92.11,162.23,0.6,78.27,0.29
175,空頭進場,Short,2023-05-18 15:45,27180.2,1,148.42,0.55,-13.72,92.11,162.23,0.6,78.27,0.29
174,多頭出場,Trailing Stop,2023-05-18 13:15,27464.0,1,11.74,0.04,-162.14,6.79,24.73,0.09,10.97,0.04
174,多頭進場,Long,2023-05-18 13:15,27430.3,1,11.74,0.04,-162.14,6.79,24.73,0.09,10.97,0.04
173,多頭出場,Trailing Stop,2023-05-17 20:15,27421.1,1,106.51,0.39,-173.89,38.12,121.18,0.44,10.92,0.04
173,多頭進場,Long,2023-05-17 20:15,27292.7,1,106.51,0.39,-173.89,38.12,121.18,0.44,10.92,0.04
172,空頭出場,Trailing Stop,2023-05-16 10:45,27061.4,1,43.03,0.16,-280.40,13.34,56.05,0.21,15.95,0.06
172,空頭進場,Short,2023-05-16 10:45,27126.1,1,43.03,0.16,-280.40,13.34,56.05,0.21,15.95,0.06
171,多頭出場,Trailing Stop,2023-05-15 18:15,27646.6,1,29.90,0.11,-323.43,8.49,44.36,0.16,11.04,0.04
171,多頭進場,Long,2023-05-15 18:15,27594.6,1,29.90,0.11,-323.43,8.49,44.36,0.16,11.04,0.04
170,多頭出場,Trailing Stop,2023-05-15 17:30,27597.4,1,107.97,0.39,-353.33,23.46,121.61,0.44,123.19,0.45
170,多頭進場,Long,2023-05-15 17:30,27467.4,1,107.97,0.39,-353.33,23.46,121.61,0.44,123.19,0.45
169,多頭出場,Trailing Stop,2023-05-15 02:45,27275.9,1,144.15,0.53,-461.30,23.85,158.16,0.58,29.24,0.11
169,多頭進場,Long,2023-05-15 02:45,27110.0,1,144.15,0.53,-461.30,23.85,158.16,0.58,29.24,0.11
168,空頭出場,Close entry(s) order Short,2023-05-10 20:30,27675.4,1,-567.22,-2.09,-605.45,-1523.67,19.25,0.07,660.75,2.43
168,空頭進場,Short,2023-05-10 18:30,27130.1,1,-567.22,-2.09,-605.45,-1523.67,19.25,0.07,660.75,2.43
167,多頭出場,Trailing Stop,2023-05-10 14:45,28174.3,1,11.37,0.04,-38.23,23.4,26.04,0.09,11.26,0.04
167,多頭進場,Long,2023-05-10 14:45,28140.4,1,11.37,0.04,-38.23,23.4,26.04,0.09,11.26,0.04
166,多頭出場,Trailing Stop,2023-05-10 13:45,28166.3,1,158.74,0.57,-49.60,76.56,172.71,0.62,17.39,0.06
166,多頭進場,Long,2023-05-10 13:45,27985.1,1,158.74,0.57,-49.60,76.56,172.71,0.62,17.39,0.06
165,多頭出場,Trailing Stop,2023-05-05 15:45,29433.0,1,75.89,0.26,-208.34,26.8,92.17,0.31,11.73,0.04
165,多頭進場,Long,2023-05-05 15:45,29333.6,1,75.89,0.26,-208.34,26.8,92.17,0.31,11.73,0.04
164,空頭出場,Trailing Stop,2023-05-05 14:00,28887.5,1,44.36,0.15,-284.23,13.54,59.92,0.21,155.58,0.54
164,空頭進場,Short,2023-05-05 13:45,28955.0,1,44.36,0.15,-284.23,13.54,59.92,0.21,155.58,0.54
163,多頭出場,Trailing Stop,2023-05-05 03:00,29547.8,1,213.46,0.73,-328.60,39.45,228.48,0.78,99.92,0.34
163,多頭進場,Long,2023-05-05 02:45,29310.8,1,213.46,0.73,-328.60,39.45,228.48,0.78,99.92,0.34
162,多頭出場,Trailing Stop,2023-05-03 22:30,29045.5,1,186.45,0.65,-542.05,25.63,204.47,0.71,11.53,0.04
162,多頭進場,Long,2023-05-03 22:30,28835.9,1,186.45,0.65,-542.05,25.63,204.47,0.71,11.53,0.04
161,空頭出場,Close entry(s) order Short,2023-05-03 22:15,28600.0,1,-337.15,-1.19,-728.50,-86.37,8.29,0.03,365.31,1.29
161,空頭進場,Short,2023-05-03 20:15,28285.6,1,-337.15,-1.19,-728.50,-86.37,8.29,0.03,365.31,1.29
160,多頭出場,Close entry(s) order Long,2023-05-03 19:00,28559.2,1,-177.41,-0.62,-391.35,-83.31,15.91,0.06,331.09,1.15
160,多頭進場,Long,2023-05-03 18:45,28713.7,1,-177.41,-0.62,-391.35,-83.31,15.91,0.06,331.09,1.15
159,多頭出場,Trailing Stop,2023-05-02 16:45,28705.4,1,30.06,0.1,-213.94,12.37,47.14,0.16,11.46,0.04
159,多頭進場,Long,2023-05-02 16:45,28652.4,1,30.06,0.1,-213.94,12.37,47.14,0.16,11.46,0.04
158,多頭出場,Trailing Stop,2023-04-30 16:00,29683.0,1,282.38,0.96,-243.99,53.75,296.05,1.01,11.75,0.04
158,多頭進場,Long,2023-04-30 16:00,29377.0,1,282.38,0.96,-243.99,53.75,296.05,1.01,11.75,0.04
157,多頭出場,Close entry(s) order Long,2023-04-27 02:30,28834.6,1.175176,-682.06,-1.97,-526.37,-435.29,54.70,0.16,1024.11,2.96
157,多頭進場,Long,2023-04-27 01:30,29391.7,1.175176,-682.06,-1.97,-526.37,-435.29,54.70,0.16,1024.11,2.96
156,空頭出場,Trailing Stop,2023-04-26 22:15,28079.5,1,101.09,0.36,155.69,181.8,123.82,0.44,92.38,0.33
156,空頭進場,Short,2023-04-26 22:15,28203.1,1,101.09,0.36,155.69,181.8,123.82,0.44,92.38,0.33
155,空頭出場,Trailing Stop,2023-04-26 20:45,27651.6,1,585.94,2.07,54.60,110.48,604.40,2.14,51.40,0.18
155,空頭進場,Short,2023-04-26 20:45,28259.9,1,585.94,2.07,54.60,110.48,604.40,2.14,51.40,0.18
154,多頭出場,Trailing Stop,2023-04-25 21:15,27965.8,1,93.47,0.34,-531.33,14.98,108.86,0.39,40.04,0.14
154,多頭進場,Long,2023-04-25 21:15,27850.0,1,93.47,0.34,-531.33,14.98,108.86,0.39,40.04,0.14
153,多頭出場,Trailing Stop,2023-04-25 19:15,27731.4,1,54.45,0.2,-624.81,8.03,68.94,0.25,45.86,0.17
153,多頭進場,Long,2023-04-25 19:15,27654.8,1,54.45,0.2,-624.81,8.03,68.94,0.25,45.86,0.17
152,空頭出場,Trailing Stop,2023-04-24 16:15,27226.2,1,65.18,0.24,-679.25,8.77,80.07,0.29,115.73,0.42
152,空頭進場,Short,2023-04-24 15:45,27313.2,1,65.18,0.24,-679.25,8.77,80.07,0.29,115.73,0.42
151,空頭出場,Trailing Stop,2023-04-24 08:00,27380.8,1,131.23,0.48,-744.44,15,144.99,0.53,11.11,0.04
151,空頭進場,Short,2023-04-24 08:00,27534.0,1,131.23,0.48,-744.44,15,144.99,0.53,11.11,0.04
150,多頭出場,Trailing Stop,2023-04-24 02:00,27960.6,1,144.70,0.52,-875.67,14.19,159.28,0.57,12.62,0.05
150,多頭進場,Long,2023-04-24 02:00,27793.6,1,144.70,0.52,-875.67,14.19,159.28,0.57,12.62,0.05
149,空頭出場,Trailing Stop,2023-04-23 20:00,27408.8,1,12.76,0.05,-1020.37,1.24,27.32,0.1,10.98,0.04
149,空頭進場,Short,2023-04-23 20:00,27443.5,1,12.76,0.05,-1020.37,1.24,27.32,0.1,10.98,0.04
148,空頭出場,Trailing Stop,2023-04-23 02:45,27460.2,1,13.32,0.05,-1033.13,1.27,27.50,0.1,164.50,0.6
148,空頭進場,Short,2023-04-23 01:45,27495.5,1,13.32,0.05,-1033.13,1.27,27.50,0.1,164.50,0.6
147,空頭出場,Trailing Stop,2023-04-19 07:30,30072.7,1,3.23,0.01,-1046.44,0.31,17.96,0.06,32.04,0.11
147,空頭進場,Short,2023-04-19 07:30,30100.0,1,3.23,0.01,-1046.44,0.31,17.96,0.06,32.04,0.11
146,多頭出場,Close entry(s) order Long,2023-04-18 19:00,30013.4,8.733935,-2213.20,-0.84,-1049.68,-190.05,168.59,0.06,2223.63,0.84
146,多頭進場,Long,2023-04-18 15:45,30242.7,8.733935,-2213.20,-0.84,-1049.68,-190.05,168.59,0.06,2223.63,0.84
145,多頭出場,Trailing Stop,2023-04-18 12:45,30374.7,6.671209,275.03,0.14,1163.52,30.92,378.10,0.19,405.77,0.2
145,多頭進場,Long,2023-04-18 12:45,30309.2,6.671209,275.03,0.14,1163.52,30.92,378.10,0.19,405.77,0.2
144,空頭出場,Trailing Stop,2023-04-16 22:00,30264.5,6.321514,46.63,0.02,888.49,5.53,139.59,0.07,680.94,0.36
144,空頭進場,Short,2023-04-16 21:15,30296.1,6.321514,46.63,0.02,888.49,5.53,139.59,0.07,680.94,0.36
143,多頭出場,Trailing Stop,2023-04-16 20:00,30558.4,4.677013,219.27,0.15,841.87,35.16,283.92,0.2,352.15,0.25
143,多頭進場,Long,2023-04-16 20:00,30487.1,4.677013,219.27,0.15,841.87,35.16,283.92,0.2,352.15,0.25
142,多頭出場,Trailing Stop,2023-04-14 01:45,30764.9,4.10971,75.64,0.06,622.60,13.8,139.37,0.11,50.50,0.04
142,多頭進場,Long,2023-04-14 01:45,30721.9,4.10971,75.64,0.06,622.60,13.8,139.37,0.11,50.50,0.04
141,多頭出場,Trailing Stop,2023-04-13 15:45,30553.1,1.90886,293.45,0.51,546.96,115.3,322.12,0.56,29.11,0.05
141,多頭進場,Long,2023-04-13 15:45,30375.0,1.90886,293.45,0.51,546.96,115.3,322.12,0.56,29.11,0.05
140,多頭出場,Trailing Stop,2023-04-10 18:00,29295.7,1,239.27,0.82,253.51,1569.36,255.29,0.88,52.71,0.18
140,多頭進場,Long,2023-04-10 18:00,29033.1,1,239.27,0.82,253.51,1569.36,255.29,0.88,52.71,0.18
139,多頭出場,Trailing Stop,2023-04-09 22:30,28397.5,1,70.02,0.25,14.25,127.84,83.88,0.3,98.22,0.35
139,多頭進場,Long,2023-04-09 22:30,28304.8,1,70.02,0.25,14.25,127.84,83.88,0.3,98.22,0.35
138,多頭出場,Trailing Stop,2023-04-09 20:15,28288.9,1,190.35,0.68,-55.77,77.66,203.37,0.72,11.63,0.04
138,多頭進場,Long,2023-04-09 20:15,28076.0,1,190.35,0.68,-55.77,77.66,203.37,0.72,11.63,0.04
137,空頭出場,Trailing Stop,2023-04-09 07:15,27906.1,1,11.56,0.04,-246.13,4.5,23.82,0.09,19.38,0.07
137,空頭進場,Short,2023-04-09 07:15,27940.0,1,11.56,0.04,-246.13,4.5,23.82,0.09,19.38,0.07
136,多頭出場,Trailing Stop,2023-04-08 07:00,28148.4,1,-6.01,-0.02,-257.69,-2.4,6.85,0.02,11.25,0.04
136,多頭進場,Long,2023-04-08 07:00,28131.9,1,-6.01,-0.02,-257.69,-2.4,6.85,0.02,11.25,0.04
135,多頭出場,Trailing Stop,2023-04-05 01:45,28741.8,2,602.67,1.06,-251.68,70.62,632.07,1.11,39.73,0.07
135,多頭進場,Long,2023-04-05 01:45,28417.6,2,602.67,1.06,-251.68,70.62,632.07,1.11,39.73,0.07
134,空頭出場,Close entry(s) order Short,2023-04-05 01:45,28417.6,1,-453.16,-1.62,-854.35,-113.24,23.01,0.08,524.19,1.87
134,空頭進場,Short,2023-04-04 16:30,27987.0,1,-453.16,-1.62,-854.35,-113.24,23.01,0.08,524.19,1.87
133,多頭出場,Trailing Stop,2023-04-03 09:30,28456.1,1,63.87,0.23,-401.19,13.76,79.15,0.28,89.45,0.32
133,多頭進場,Long,2023-04-03 09:30,28369.5,1,63.87,0.23,-401.19,13.76,79.15,0.28,89.45,0.32
132,空頭出場,Trailing Stop,2023-03-30 16:45,28150.2,1,75.94,0.27,-465.06,14.06,91.00,0.32,241.40,0.85
132,空頭進場,Short,2023-03-30 15:15,28248.7,1,75.94,0.27,-465.06,14.06,91.00,0.32,241.40,0.85
131,多頭出場,Trailing Stop,2023-03-30 03:30,29180.3,1,351.11,1.22,-541.00,39.4,367.28,1.27,11.92,0.04
131,多頭進場,Long,2023-03-30 03:30,28806.0,1,351.11,1.22,-541.00,39.4,367.28,1.27,11.92,0.04
130,多頭出場,Trailing Stop,2023-03-23 15:45,28662.5,1,124.33,0.44,-892.10,12.24,142.69,0.5,11.41,0.04
130,多頭進場,Long,2023-03-23 15:45,28515.3,1,124.33,0.44,-892.10,12.24,142.69,0.5,11.41,0.04
129,空頭出場,Trailing Stop,2023-03-22 19:00,27083.8,1,913.06,3.26,-1016.43,47.35,932.59,3.33,12.61,0.04
129,空頭進場,Short,2023-03-22 19:00,28018.9,1,913.06,3.26,-1016.43,47.35,932.59,3.33,12.61,0.04
128,多頭出場,Trailing Stop,2023-03-22 15:15,28726.9,1,117.37,0.41,-1929.49,5.74,132.97,0.46,21.33,0.07
128,多頭進場,Long,2023-03-22 15:15,28586.6,1,117.37,0.41,-1929.49,5.74,132.97,0.46,21.33,0.07
127,多頭出場,Trailing Stop,2023-03-21 16:45,28434.3,1,86.40,0.3,-2046.87,4.05,103.47,0.37,84.03,0.3
127,多頭進場,Long,2023-03-21 16:45,28325.2,1,86.40,0.3,-2046.87,4.05,103.47,0.37,84.03,0.3
126,多頭出場,Trailing Stop,2023-03-20 08:30,28448.3,1,240.75,0.85,-2133.26,10.15,258.83,0.92,50.07,0.18
126,多頭進場,Long,2023-03-20 08:30,28184.9,1,240.75,0.85,-2133.26,10.15,258.83,0.92,50.07,0.18
125,多頭出場,Trailing Stop,2023-03-20 07:45,28255.5,1,93.04,0.33,-2374.01,3.77,110.74,0.39,71.16,0.25
125,多頭進場,Long,2023-03-20 07:45,28139.9,1,93.04,0.33,-2374.01,3.77,110.74,0.39,71.16,0.25
124,多頭出場,Trailing Stop,2023-03-17 01:30,25465.4,1,93.07,0.37,-2467.05,3.64,107.86,0.43,10.14,0.04
124,多頭進場,Long,2023-03-17 01:30,25352.0,1,93.07,0.37,-2467.05,3.64,107.86,0.43,10.14,0.04
123,多頭出場,Trailing Stop,2023-03-14 13:45,26047.2,1,93.01,0.36,-2560.12,3.51,114.23,0.44,10.37,0.04
123,多頭進場,Long,2023-03-14 13:45,25933.4,1,93.01,0.36,-2560.12,3.51,114.23,0.44,10.37,0.04
122,多頭出場,Trailing Stop,2023-03-14 12:45,26085.0,1,542.26,2.12,-2653.13,16.98,560.69,2.2,137.71,0.54
122,多頭進場,Long,2023-03-14 12:45,25522.1,1,542.26,2.12,-2653.13,16.98,560.69,2.2,137.71,0.54
121,多頭出場,Trailing Stop,2023-03-13 14:00,23117.8,1,632.37,2.81,-3195.39,16.52,647.61,2.88,86.09,0.38
121,多頭進場,Long,2023-03-13 14:00,22467.2,1,632.37,2.81,-3195.39,16.52,647.61,2.88,86.09,0.38
120,多頭出場,Trailing Stop,2023-03-13 13:30,22485.8,1,37.33,0.17,-3827.75,0.97,51.93,0.23,8.97,0.04
120,多頭進場,Long,2023-03-13 13:30,22430.5,1,37.33,0.17,-3827.75,0.97,51.93,0.23,8.97,0.04
119,多頭出場,Trailing Stop,2023-03-12 20:45,21344.1,1,125.88,0.59,-3865.09,3.15,140.32,0.66,125.58,0.59
119,多頭進場,Long,2023-03-12 20:45,21201.2,1,125.88,0.59,-3865.09,3.15,140.32,0.66,125.58,0.59
118,多頭出場,Trailing Stop,2023-03-12 18:30,21346.2,1,449.31,2.15,-3990.97,10.12,461.65,2.21,49.45,0.24
118,多頭進場,Long,2023-03-12 18:30,20880.0,1,449.31,2.15,-3990.97,10.12,461.65,2.21,49.45,0.24
117,多頭出場,Trailing Stop,2023-03-12 18:00,20825.7,1,34.16,0.16,-4440.28,0.76,45.69,0.22,8.31,0.04
117,多頭進場,Long,2023-03-12 18:00,20774.9,1,34.16,0.16,-4440.28,0.76,45.69,0.22,8.31,0.04
116,空頭出場,Trailing Stop,2023-03-07 20:00,21975.1,1,125.76,0.57,-4474.44,2.73,137.65,0.62,26.75,0.12
116,空頭進場,Short,2023-03-07 20:00,22118.5,1,125.76,0.57,-4474.44,2.73,137.65,0.62,26.75,0.12
115,空頭出場,Trailing Stop,2023-03-06 19:30,22356.7,1,20.30,0.09,-4600.20,0.44,30.94,0.14,8.96,0.04
115,空頭進場,Short,2023-03-06 19:30,22394.9,1,20.30,0.09,-4600.20,0.44,30.94,0.14,8.96,0.04
114,多頭出場,Trailing Stop,2023-03-06 16:00,22574.6,1,12.95,0.06,-4620.50,0.28,23.48,0.1,9.02,0.04
114,多頭進場,Long,2023-03-06 16:00,22543.6,1,12.95,0.06,-4620.50,0.28,23.48,0.1,9.02,0.04
113,空頭出場,Trailing Stop,2023-03-06 01:45,22302.4,1,34.04,0.15,-4633.45,0.73,45.06,0.2,175.04,0.78
113,空頭進場,Short,2023-03-05 21:45,22354.3,1,34.04,0.15,-4633.45,0.73,45.06,0.2,175.04,0.78
112,空頭出場,Trailing Stop,2023-03-05 02:45,22292.9,1,13.95,0.06,-4667.49,0.3,25.77,0.12,8.93,0.04
112,空頭進場,Short,2023-03-05 02:45,22324.7,1,13.95,0.06,-4667.49,0.3,25.77,0.12,8.93,0.04
111,多頭出場,Trailing Stop,2023-03-05 01:30,22630.8,1,66.53,0.29,-4681.44,1.4,77.68,0.34,10.22,0.05
111,多頭進場,Long,2023-03-05 01:30,22546.2,1,66.53,0.29,-4681.44,1.4,77.68,0.34,10.22,0.05
110,多頭出場,Trailing Stop,2023-03-01 05:00,23820.6,1,13.36,0.06,-4747.97,0.28,26.28,0.11,9.52,0.04
110,多頭進場,Long,2023-03-01 05:00,23788.2,1,13.36,0.06,-4747.97,0.28,26.28,0.11,9.52,0.04
109,空頭出場,Trailing Stop,2023-02-27 16:15,23227.9,1,54.89,0.24,-4761.33,1.14,68.48,0.29,47.82,0.21
109,空頭進場,Short,2023-02-27 16:15,23301.4,1,54.89,0.24,-4761.33,1.14,68.48,0.29,47.82,0.21
108,多頭出場,Trailing Stop,2023-02-27 14:45,23807.3,1,10.07,0.04,-4816.22,0.21,22.29,0.09,81.11,0.34
108,多頭進場,Long,2023-02-27 14:30,23778.2,1,10.07,0.04,-4816.22,0.21,22.29,0.09,81.11,0.34
107,多頭出場,Trailing Stop,2023-02-27 13:45,23770.5,1,21.20,0.09,-4826.28,0.44,33.01,0.14,9.49,0.04
107,多頭進場,Long,2023-02-27 13:45,23730.3,1,21.20,0.09,-4826.28,0.44,33.01,0.14,9.49,0.04
106,多頭出場,Trailing Stop,2023-02-26 18:45,23530.7,1,84.12,0.36,-4847.48,1.71,95.83,0.41,28.67,0.12
106,多頭進場,Long,2023-02-26 18:45,23427.8,1,84.12,0.36,-4847.48,1.71,95.83,0.41,28.67,0.12
105,空頭出場,Trailing Stop,2023-02-23 11:30,23664.3,1,172.59,0.72,-4931.60,3.38,185.26,0.78,83.64,0.35
105,空頭進場,Short,2023-02-23 11:30,23855.9,1,172.59,0.72,-4931.60,3.38,185.26,0.78,83.64,0.35
104,多頭出場,Trailing Stop,2023-02-23 02:45,24584.3,1,34.85,0.14,-5104.19,0.68,48.29,0.2,52.51,0.21
104,多頭進場,Long,2023-02-23 02:45,24529.8,1,34.85,0.14,-5104.19,0.68,48.29,0.2,52.51,0.21
103,空頭出場,Trailing Stop,2023-02-21 08:45,24622.7,1,169.53,0.68,-5139.05,3.19,183.08,0.74,9.92,0.04
103,空頭進場,Short,2023-02-21 08:45,24812.0,1,169.53,0.68,-5139.05,3.19,183.08,0.74,9.92,0.04
102,多頭出場,Close entry(s) order Long,2023-02-21 03:00,24917.6,1,-193.70,-0.77,-5308.57,-3.79,0,0,212.54,0.85
102,多頭進場,Long,2023-02-21 02:45,25091.3,1,-193.70,-0.77,-5308.57,-3.79,0,0,212.54,0.85
101,多頭出場,Trailing Stop,2023-02-20 11:45,24961.7,1,37.15,0.15,-5114.87,0.72,51.54,0.21,41.46,0.17
101,多頭進場,Long,2023-02-20 11:45,24904.6,1,37.15,0.15,-5114.87,0.72,51.54,0.21,41.46,0.17
100,多頭出場,Trailing Stop,2023-02-20 10:45,24974.7,1,50.45,0.2,-5152.02,0.97,64.74,0.26,44.26,0.18
100,多頭進場,Long,2023-02-20 10:45,24904.3,1,50.45,0.2,-5152.02,0.97,64.74,0.26,44.26,0.18
99,多頭出場,Trailing Stop,2023-02-20 10:00,24986.2,1,81.55,0.33,-5202.47,1.54,95.35,0.38,9.95,0.04
99,多頭進場,Long,2023-02-20 10:00,24884.7,1,81.55,0.33,-5202.47,1.54,95.35,0.38,9.95,0.04
98,多頭出場,Close entry(s) order Long,2023-02-19 16:45,24931.1,1,-257.14,-1.02,-5284.02,-5.12,21.73,0.09,307.47,1.22
98,多頭進場,Long,2023-02-19 16:15,25168.2,1,-257.14,-1.02,-5284.02,-5.12,21.73,0.09,307.47,1.22
97,多頭出場,Trailing Stop,2023-02-17 20:15,25036.9,2,96.60,0.19,-5026.88,1.89,129.23,0.26,19.97,0.04
97,多頭進場,Long,2023-02-17 20:15,24968.6,2,96.60,0.19,-5026.88,1.89,129.23,0.26,19.97,0.04
96,空頭出場,Close entry(s) order Short,2023-02-17 20:15,24968.6,1,-1122.63,-4.7,-5123.48,-28.07,8.95,0.04,1132.05,4.74
96,空頭進場,Short,2023-02-17 15:00,23865.5,1,-1122.63,-4.7,-5123.48,-28.07,8.95,0.04,1132.05,4.74
95,多頭出場,Trailing Stop,2023-02-16 15:45,25100.7,1,288.44,1.16,-4000.84,6.73,302.58,1.22,15.02,0.06
95,多頭進場,Long,2023-02-16 15:45,24792.3,1,288.44,1.16,-4000.84,6.73,302.58,1.22,15.02,0.06
94,多頭出場,Trailing Stop,2023-02-15 11:45,22474.8,1,11.23,0.05,-4289.29,0.26,22.02,0.1,8.98,0.04
94,多頭進場,Long,2023-02-15 11:45,22445.6,1,11.23,0.05,-4289.29,0.26,22.02,0.1,8.98,0.04
93,多頭出場,Trailing Stop,2023-02-14 15:00,22316.0,1,58.18,0.26,-4300.52,1.34,71.10,0.32,83.70,0.38
93,多頭進場,Long,2023-02-14 15:00,22240.0,1,58.18,0.26,-4300.52,1.34,71.10,0.32,83.70,0.38
92,空頭出場,Trailing Stop,2023-02-14 14:15,21593.6,1,25.81,0.12,-4358.70,0.59,37.05,0.17,8.65,0.04
92,空頭進場,Short,2023-02-14 14:15,21636.7,1,25.81,0.12,-4358.70,0.59,37.05,0.17,8.65,0.04
91,空頭出場,Trailing Stop,2023-02-13 08:30,21690.7,1,61.62,0.28,-4384.50,1.39,71.99,0.33,33.81,0.16
91,空頭進場,Short,2023-02-13 08:30,21769.7,1,61.62,0.28,-4384.50,1.39,71.99,0.33,33.81,0.16
90,空頭出場,Trailing Stop,2023-02-13 01:15,21696.9,1,30.52,0.14,-4446.12,0.68,41.70,0.19,21.60,0.1
90,空頭進場,Short,2023-02-13 01:15,21744.8,1,30.52,0.14,-4446.12,0.68,41.70,0.19,21.60,0.1
89,空頭出場,Trailing Stop,2023-02-12 21:45,21696.5,1,72.81,0.33,-4476.64,1.6,83.29,0.38,42.01,0.19
89,空頭進場,Short,2023-02-12 21:45,21786.7,1,72.81,0.33,-4476.64,1.6,83.29,0.38,42.01,0.19
88,多頭出場,Close entry(s) order Long,2023-02-12 18:30,21949.6,1,-98.59,-0.45,-4549.45,-2.22,10.59,0.05,107.41,0.49
88,多頭進場,Long,2023-02-12 16:45,22030.6,1,-98.59,-0.45,-4549.45,-2.22,10.59,0.05,107.41,0.49
87,多頭出場,Trailing Stop,2023-02-12 09:45,21958.2,1,83.97,0.38,-4450.86,1.85,93.56,0.43,39.24,0.18
87,多頭進場,Long,2023-02-12 09:30,21856.7,1,83.97,0.38,-4450.86,1.85,93.56,0.43,39.24,0.18
86,空頭出場,Close entry(s) order Short,2023-02-07 20:30,23190.9,1,-423.09,-1.86,-4534.83,-10.29,15.09,0.07,417.91,1.83
86,空頭進場,Short,2023-02-07 18:30,22786.2,1,-423.09,-1.86,-4534.83,-10.29,15.09,0.07,417.91,1.83
85,多頭出場,Trailing Stop,2023-02-07 18:00,23345.0,1,48.45,0.21,-4111.74,1.16,60.79,0.26,9.31,0.04
85,多頭進場,Long,2023-02-07 18:00,23277.9,1,48.45,0.21,-4111.74,1.16,60.79,0.26,9.31,0.04
84,多頭出場,Trailing Stop,2023-02-01 19:45,23490.7,1,211.20,0.91,-4160.19,4.83,224.90,0.97,123.50,0.53
84,多頭進場,Long,2023-02-01 19:45,23260.8,1,211.20,0.91,-4160.19,4.83,224.90,0.97,123.50,0.53
83,空頭出場,Trailing Stop,2023-02-01 08:30,22938.0,1,5.94,0.03,-4371.39,0.14,16.82,0.07,9.18,0.04
83,空頭進場,Short,2023-02-01 08:30,22962.3,1,5.94,0.03,-4371.39,0.14,16.82,0.07,9.18,0.04
82,多頭出場,Trailing Stop,2023-01-29 13:15,23618.5,1,39.33,0.17,-4377.33,0.89,51.98,0.22,17.62,0.07
82,多頭進場,Long,2023-01-29 13:15,23560.3,1,39.33,0.17,-4377.33,0.89,51.98,0.22,17.62,0.07
81,多頭出場,Trailing Stop,2023-01-29 10:15,23497.8,1,79.04,0.34,-4416.66,1.76,90.64,0.39,18.96,0.08
81,多頭進場,Long,2023-01-29 10:15,23400.0,1,79.04,0.34,-4416.66,1.76,90.64,0.39,18.96,0.08
80,多頭出場,Trailing Stop,2023-01-29 01:30,23453.5,1,41.36,0.18,-4495.70,0.91,53.14,0.23,9.36,0.04
80,多頭進場,Long,2023-01-29 01:30,23393.4,1,41.36,0.18,-4495.70,0.91,53.14,0.23,9.36,0.04
79,多頭出場,Trailing Stop,2023-01-27 18:00,23244.8,1,28.62,0.12,-4537.06,0.63,41.12,0.18,9.28,0.04
79,多頭進場,Long,2023-01-27 18:00,23197.6,1,28.62,0.12,-4537.06,0.63,41.12,0.18,9.28,0.04
78,空頭出場,Close entry(s) order Short,2023-01-27 16:30,23078.6,1,-168.20,-0.73,-4565.68,-3.83,0.63,0,210.37,0.92
78,空頭進場,Short,2023-01-27 16:00,22928.8,1,-168.20,-0.73,-4565.68,-3.83,0.63,0,210.37,0.92
77,空頭出場,Trailing Stop,2023-01-24 23:00,22623.7,1,48.17,0.21,-4397.48,1.08,60.82,0.27,163.38,0.72
77,空頭進場,Short,2023-01-24 22:30,22690.0,1,48.17,0.21,-4397.48,1.08,60.82,0.27,163.38,0.72
76,空頭出場,Trailing Stop,2023-01-24 14:15,22791.4,1,10.06,0.04,-4445.66,0.23,21.77,0.1,129.13,0.57
76,空頭進場,Short,2023-01-24 13:45,22819.7,1,10.06,0.04,-4445.66,0.23,21.77,0.1,129.13,0.57
75,空頭出場,Trailing Stop,2023-01-24 09:15,22880.3,1,18.38,0.08,-4455.71,0.41,29.73,0.13,42.17,0.18
75,空頭進場,Short,2023-01-24 09:15,22917.0,1,18.38,0.08,-4455.71,0.41,29.73,0.13,42.17,0.18
74,空頭出場,Trailing Stop,2023-01-23 19:45,22657.7,1,70.14,0.31,-4474.09,1.54,83.90,0.37,60.00,0.26
74,空頭進場,Short,2023-01-23 19:45,22746.0,1,70.14,0.31,-4474.09,1.54,83.90,0.37,60.00,0.26
73,多頭出場,Trailing Stop,2023-01-23 18:00,23127.1,1,38.02,0.16,-4544.23,0.83,51.27,0.22,9.23,0.04
73,多頭進場,Long,2023-01-23 18:00,23070.6,1,38.02,0.16,-4544.23,0.83,51.27,0.22,9.23,0.04
72,空頭出場,Trailing Stop,2023-01-23 15:00,22592.0,1,25.71,0.11,-4582.25,0.56,39.25,0.17,9.05,0.04
72,空頭進場,Short,2023-01-23 15:00,22635.8,1,25.71,0.11,-4582.25,0.56,39.25,0.17,9.05,0.04
71,空頭出場,Trailing Stop,2023-01-22 16:00,22689.4,1,67.71,0.3,-4607.96,1.45,80.19,0.35,98.71,0.43
71,空頭進場,Short,2023-01-22 15:30,22775.3,1,67.71,0.3,-4607.96,1.45,80.19,0.35,98.71,0.43
70,多頭出場,Trailing Stop,2023-01-21 15:30,23283.6,1,41.00,0.18,-4675.68,0.87,54.71,0.24,9.29,0.04
70,多頭進場,Long,2023-01-21 15:30,23224.0,1,41.00,0.18,-4675.68,0.87,54.71,0.24,9.29,0.04
69,多頭出場,Trailing Stop,2023-01-21 10:00,23326.4,1,280.26,1.22,-4716.67,5.61,293.19,1.27,55.21,0.24
69,多頭進場,Long,2023-01-21 10:00,23027.6,1,280.26,1.22,-4716.67,5.61,293.19,1.27,55.21,0.24
68,多頭出場,Trailing Stop,2023-01-20 15:00,21198.0,1,33.06,0.16,-4996.93,0.66,43.54,0.21,28.26,0.13
68,多頭進場,Long,2023-01-20 15:00,21148.0,1,33.06,0.16,-4996.93,0.66,43.54,0.21,28.26,0.13
67,多頭出場,Trailing Stop,2023-01-17 14:15,21637.6,1,228.19,1.07,-5029.99,4.34,239.24,1.12,137.56,0.64
67,多頭進場,Long,2023-01-17 14:15,21392.2,1,228.19,1.07,-5029.99,4.34,239.24,1.12,137.56,0.64
66,多頭出場,Trailing Stop,2023-01-16 19:00,21427.5,1,123.71,0.58,-5258.18,2.3,135.79,0.64,39.21,0.18
66,多頭進場,Long,2023-01-16 19:00,21286.7,1,123.71,0.58,-5258.18,2.3,135.79,0.64,39.21,0.18
65,空頭出場,Trailing Stop,2023-01-16 08:15,20754.0,1,28.68,0.14,-5381.89,0.53,40.98,0.2,8.32,0.04
65,空頭進場,Short,2023-01-16 08:15,20799.3,1,28.68,0.14,-5381.89,0.53,40.98,0.2,8.32,0.04
64,多頭出場,Close entry(s) order Long,2023-01-16 03:15,21121.0,1,-253.99,-1.19,-5410.57,-4.93,13.36,0.06,306.14,1.43
64,多頭進場,Long,2023-01-16 02:30,21358.0,1,-253.99,-1.19,-5410.57,-4.93,13.36,0.06,306.14,1.43
63,多頭出場,Trailing Stop,2023-01-16 01:15,21340.9,1,113.88,0.54,-5156.58,2.16,125.92,0.59,8.48,0.04
63,多頭進場,Long,2023-01-16 01:15,21210.0,1,113.88,0.54,-5156.58,2.16,125.92,0.59,8.48,0.04
62,多頭出場,Trailing Stop,2023-01-13 15:15,19281.1,1,142.74,0.75,-5270.46,2.64,153.25,0.8,62.65,0.33
62,多頭進場,Long,2023-01-13 15:15,19123.0,1,142.74,0.75,-5270.46,2.64,153.25,0.8,62.65,0.33
61,多頭出場,Trailing Stop,2023-01-12 18:45,18821.8,1,53.57,0.29,-5413.20,0.98,66.40,0.35,17.90,0.1
61,多頭進場,Long,2023-01-12 18:45,18753.2,1,53.57,0.29,-5413.20,0.98,66.40,0.35,17.90,0.1
60,多頭出場,Trailing Stop,2023-01-12 18:00,18995.3,1,140.17,0.74,-5466.77,2.5,152.46,0.81,91.54,0.49
60,多頭進場,Long,2023-01-12 18:00,18840.0,1,140.17,0.74,-5466.77,2.5,152.46,0.81,91.54,0.49
59,多頭出場,Trailing Stop,2023-01-11 19:15,17536.0,1,10.68,0.06,-5606.94,0.19,19.00,0.11,69.70,0.4
59,多頭進場,Long,2023-01-11 18:15,17511.3,1,10.68,0.06,-5606.94,0.19,19.00,0.11,69.70,0.4
58,多頭出場,Trailing Stop,2023-01-10 18:30,17436.8,1,50.88,0.29,-5617.62,0.9,59.05,0.34,7.05,0.04
58,多頭進場,Long,2023-01-10 18:30,17372.0,1,50.88,0.29,-5617.62,0.9,59.05,0.34,7.05,0.04
57,多頭出場,Trailing Stop,2023-01-10 15:15,17367.5,1,19.52,0.11,-5668.49,0.34,27.67,0.16,23.43,0.14
57,多頭進場,Long,2023-01-10 15:15,17334.1,1,19.52,0.11,-5668.49,0.34,27.67,0.16,23.43,0.14
56,多頭出場,Trailing Stop,2023-01-09 16:45,17344.5,1,10.63,0.06,-5688.01,0.19,18.77,0.11,15.33,0.09
56,多頭進場,Long,2023-01-09 16:45,17320.0,1,10.63,0.06,-5688.01,0.19,18.77,0.11,15.33,0.09
55,多頭出場,Trailing Stop,2023-01-09 16:15,17333.4,1,26.55,0.15,-5698.65,0.46,34.68,0.2,24.82,0.14
55,多頭進場,Long,2023-01-09 16:15,17293.0,1,26.55,0.15,-5698.65,0.46,34.68,0.2,24.82,0.14
54,多頭出場,Trailing Stop,2023-01-09 00:45,17190.9,1,31.67,0.18,-5725.20,0.55,39.94,0.23,22.06,0.13
54,多頭進場,Long,2023-01-09 00:45,17145.5,1,31.67,0.18,-5725.20,0.55,39.94,0.23,22.06,0.13
53,多頭出場,Trailing Stop,2023-01-09 00:00,17178.7,1,40.38,0.24,-5756.86,0.7,48.45,0.28,22.45,0.13
53,多頭進場,Long,2023-01-09 00:00,17124.6,1,40.38,0.24,-5756.86,0.7,48.45,0.28,22.45,0.13
52,空頭出場,Trailing Stop,2023-01-08 16:30,16910.8,1,0.37,0,-5797.24,0.01,7.73,0.05,6.77,0.04
52,空頭進場,Short,2023-01-08 16:30,16924.7,1,0.37,0,-5797.24,0.01,7.73,0.05,6.77,0.04
51,多頭出場,Trailing Stop,2023-01-06 18:15,16849.0,1,3.23,0.02,-5797.61,0.06,10.97,0.07,7.43,0.04
51,多頭進場,Long,2023-01-06 18:15,16832.3,1,3.23,0.02,-5797.61,0.06,10.97,0.07,7.43,0.04
50,多頭出場,Trailing Stop,2023-01-06 18:00,16857.7,1,10.12,0.06,-5800.83,0.17,17.77,0.11,39.23,0.23
50,多頭進場,Long,2023-01-06 16:00,16834.1,1,10.12,0.06,-5800.83,0.17,17.77,0.11,39.23,0.23
49,空頭出場,Close entry(s) order Short,2023-01-06 15:45,16816.9,1,-108.12,-0.65,-5810.96,-1.9,0.51,0,114.49,0.68
49,空頭進場,Short,2023-01-06 14:45,16722.2,1,-108.12,-0.65,-5810.96,-1.9,0.51,0,114.49,0.68
48,多頭出場,Trailing Stop,2023-01-04 18:30,16948.2,1,19.45,0.11,-5702.84,0.34,27.33,0.16,57.97,0.34
48,多頭進場,Long,2023-01-04 17:45,16915.2,1,19.45,0.11,-5702.84,0.34,27.33,0.16,57.97,0.34
47,多頭出場,Trailing Stop,2023-01-04 03:15,16847.0,1,2.23,0.01,-5722.30,0.04,9.97,0.06,6.73,0.04
47,多頭進場,Long,2023-01-04 03:15,16831.3,1,2.23,0.01,-5722.30,0.04,9.97,0.06,6.73,0.04
46,空頭出場,Trailing Stop,2023-01-03 15:00,16644.0,1,-4.22,-0.03,-5724.52,-0.07,3.24,0.02,6.66,0.04
46,空頭進場,Short,2023-01-03 15:00,16653.1,1,-4.22,-0.03,-5724.52,-0.07,3.24,0.02,6.66,0.04
45,多頭出場,Close entry(s) order Long,2023-01-02 17:00,16704.1,1,-46.58,-0.28,-5720.31,-0.82,0,0,39.99,0.24
45,多頭進場,Long,2023-01-02 15:45,16737.3,1,-46.58,-0.28,-5720.31,-0.82,0,0,39.99,0.24
44,多頭出場,Close entry(s) order Long,2023-01-02 14:30,16683.6,1,-62.87,-0.38,-5673.73,-1.12,0,0,65.49,0.39
44,多頭進場,Long,2023-01-02 10:15,16733.1,1,-62.87,-0.38,-5673.73,-1.12,0,0,65.49,0.39
43,多頭出場,Trailing Stop,2023-01-02 08:15,16763.0,1,9.60,0.06,-5610.86,0.17,17.30,0.1,21.50,0.13
43,多頭進場,Long,2023-01-02 08:15,16740.0,1,9.60,0.06,-5610.86,0.17,17.30,0.1,21.50,0.13
42,多頭出場,Trailing Stop,2023-01-02 07:15,16767.1,1,61.52,0.37,-5620.46,1.08,68.92,0.41,25.18,0.15
42,多頭進場,Long,2023-01-02 07:15,16692.2,1,61.52,0.37,-5620.46,1.08,68.92,0.41,25.18,0.15
41,空頭出場,Trailing Stop,2023-01-02 01:15,16541.7,1,3.46,0.02,-5681.98,0.06,10.58,0.06,10.72,0.06
41,空頭進場,Short,2023-01-02 01:15,16558.4,1,3.46,0.02,-5681.98,0.06,10.58,0.06,10.72,0.06
40,多頭出場,Trailing Stop,2023-01-01 20:15,16618.4,1,-8.09,-0.05,-5685.44,-0.14,0,0,35.05,0.21
40,多頭進場,Long,2023-01-01 19:30,16613.2,1,-8.09,-0.05,-5685.44,-0.14,0,0,35.05,0.21
39,多頭出場,Trailing Stop,2022-12-30 23:30,16615.4,1,1.01,0.01,-5677.35,0.02,8.46,0.05,40.54,0.24
39,多頭進場,Long,2022-12-30 21:15,16601.1,1,1.01,0.01,-5677.35,0.02,8.46,0.05,40.54,0.24
38,空頭出場,Trailing Stop,2022-12-28 15:30,16586.0,1,48.71,0.29,-5678.36,0.85,56.54,0.34,25.86,0.16
38,空頭進場,Short,2022-12-28 15:30,16648.0,1,48.71,0.29,-5678.36,0.85,56.54,0.34,25.86,0.16
37,多頭出場,Trailing Stop,2022-12-27 00:00,16967.4,1,41.05,0.24,-5727.06,0.71,48.43,0.29,6.77,0.04
37,多頭進場,Long,2022-12-27 00:00,16912.8,1,41.05,0.24,-5727.06,0.71,48.43,0.29,6.77,0.04
36,多頭出場,Trailing Stop,2022-12-25 22:00,16835.3,1,-1.96,-0.01,-5768.11,-0.03,5.47,0.03,10.03,0.06
36,多頭進場,Long,2022-12-25 22:00,16823.8,1,-1.96,-0.01,-5768.11,-0.03,5.47,0.03,10.03,0.06
35,空頭出場,Trailing Stop,2022-12-25 19:15,16724.3,1,16.01,0.1,-5766.15,0.28,23.40,0.14,10.10,0.06
35,空頭進場,Short,2022-12-25 19:15,16753.7,1,16.01,0.1,-5766.15,0.28,23.40,0.14,10.10,0.06
34,多頭出場,Trailing Stop,2022-12-25 15:00,16849.4,1,12.43,0.07,-5782.16,0.21,19.77,0.12,21.83,0.13
34,多頭進場,Long,2022-12-25 15:00,16823.5,1,12.43,0.07,-5782.16,0.21,19.77,0.12,21.83,0.13
33,空頭出場,Trailing Stop,2022-12-23 14:45,16775.6,1,2.07,0.01,-5794.59,0.04,10.28,0.06,14.22,0.08
33,空頭進場,Short,2022-12-23 14:45,16791.1,1,2.07,0.01,-5794.59,0.04,10.28,0.06,14.22,0.08
32,多頭出場,Trailing Stop,2022-12-23 03:00,16894.0,1,35.60,0.21,-5796.66,0.61,43.36,0.26,6.84,0.04
32,多頭進場,Long,2022-12-23 03:00,16844.9,1,35.60,0.21,-5796.66,0.61,43.36,0.26,6.84,0.04
31,多頭出場,Trailing Stop,2022-12-20 15:00,16964.1,1,56.96,0.34,-5832.27,0.97,65.54,0.39,7.46,0.04
31,多頭進場,Long,2022-12-20 15:00,16893.6,1,56.96,0.34,-5832.27,0.97,65.54,0.39,7.46,0.04
30,多頭出場,Trailing Stop,2022-12-20 02:45,16804.4,1,21.67,0.13,-5889.22,0.37,30.79,0.18,6.71,0.04
30,多頭進場,Long,2022-12-20 02:45,16769.3,1,21.67,0.13,-5889.22,0.37,30.79,0.18,6.71,0.04
29,空頭出場,Trailing Stop,2022-12-19 02:45,16713.5,1,2.52,0.02,-5910.89,0.04,10.31,0.06,13.89,0.08
29,空頭進場,Short,2022-12-19 02:45,16729.4,1,2.52,0.02,-5910.89,0.04,10.31,0.06,13.89,0.08
28,多頭出場,Trailing Stop,2022-12-14 15:15,18109.7,1,39.43,0.22,-5913.42,0.66,48.48,0.27,49.42,0.27
28,多頭進場,Long,2022-12-14 15:00,18055.8,1,39.43,0.22,-5913.42,0.66,48.48,0.27,49.42,0.27
27,多頭出場,Trailing Stop,2022-12-13 11:15,17443.6,1,6.25,0.04,-5952.85,0.1,14.93,0.09,56.77,0.33
27,多頭進場,Long,2022-12-13 10:30,17423.4,1,6.25,0.04,-5952.85,0.1,14.93,0.09,56.77,0.33
26,多頭出場,Trailing Stop,2022-12-13 10:00,17475.9,1,31.24,0.18,-5959.10,0.52,39.93,0.23,6.97,0.04
26,多頭進場,Long,2022-12-13 10:00,17430.7,1,31.24,0.18,-5959.10,0.52,39.93,0.23,6.97,0.04
25,多頭出場,Trailing Stop,2022-12-12 23:30,17209.4,1,9.74,0.06,-5990.34,0.16,17.63,0.1,60.27,0.35
25,多頭進場,Long,2022-12-12 21:45,17185.9,1,9.74,0.06,-5990.34,0.16,17.63,0.1,60.27,0.35
24,多頭出場,Trailing Stop,2022-12-11 19:15,17240.7,1,-5.99,-0.03,-6000.08,-0.1,1.51,0.01,6.89,0.04
24,多頭進場,Long,2022-12-11 19:15,17232.9,1,-5.99,-0.03,-6000.08,-0.1,1.51,0.01,6.89,0.04
23,多頭出場,Trailing Stop,2022-12-05 08:30,17376.8,1,18.91,0.11,-5994.09,0.31,27.36,0.16,20.84,0.12
23,多頭進場,Long,2022-12-05 08:30,17344.0,1,18.91,0.11,-5994.09,0.31,27.36,0.16,20.84,0.12
22,多頭出場,Trailing Stop,2022-12-05 01:45,17281.2,1,23.49,0.14,-6013.01,0.39,31.90,0.18,63.10,0.37
22,多頭進場,Long,2022-12-05 00:45,17243.9,1,23.49,0.14,-6013.01,0.39,31.90,0.18,63.10,0.37
21,空頭出場,Trailing Stop,2022-12-04 11:30,16892.7,1,46.66,0.28,-6036.50,0.77,54.12,0.32,6.78,0.04
21,空頭進場,Short,2022-12-04 11:30,16952.9,1,46.66,0.28,-6036.50,0.77,54.12,0.32,6.78,0.04
20,多頭出場,Trailing Stop,2022-11-30 19:15,17136.2,1,91.23,0.54,-6083.16,1.48,100.59,0.59,46.91,0.28
20,多頭進場,Long,2022-11-30 19:15,17031.3,1,91.23,0.54,-6083.16,1.48,100.59,0.59,46.91,0.28
19,多頭出場,Trailing Stop,2022-11-30 00:45,16873.6,1,28.42,0.17,-6174.39,0.46,37.37,0.22,6.73,0.04
19,多頭進場,Long,2022-11-30 00:45,16831.7,1,28.42,0.17,-6174.39,0.46,37.37,0.22,6.73,0.04
18,空頭出場,Trailing Stop,2022-11-29 15:00,16339.1,1,3.52,0.02,-6202.81,0.06,11.66,0.07,6.54,0.04
18,空頭進場,Short,2022-11-29 15:00,16355.7,1,3.52,0.02,-6202.81,0.06,11.66,0.07,6.54,0.04
17,多頭出場,Trailing Stop,2022-11-29 05:15,16515.0,1,18.30,0.11,-6206.33,0.29,26.81,0.16,19.49,0.12
17,多頭進場,Long,2022-11-29 05:15,16483.5,1,18.30,0.11,-6206.33,0.29,26.81,0.16,19.49,0.12
16,空頭出場,Trailing Stop,2022-11-26 15:00,16544.1,1,4.46,0.03,-6224.63,0.07,12.18,0.07,19.82,0.12
16,空頭進場,Short,2022-11-26 15:00,16561.8,1,4.46,0.03,-6224.63,0.07,12.18,0.07,19.82,0.12
15,多頭出場,Close entry(s) order Long,2022-11-26 03:15,16604.0,1,-74.01,-0.44,-6229.09,-1.2,4.53,0.03,69.27,0.42
15,多頭進場,Long,2022-11-26 01:30,16664.7,1,-74.01,-0.44,-6229.09,-1.2,4.53,0.03,69.27,0.42
14,多頭出場,Trailing Stop,2022-11-23 02:30,16540.7,1,92.01,0.56,-6155.08,1.47,100.93,0.61,17.07,0.1
14,多頭進場,Long,2022-11-23 02:30,16435.5,1,92.01,0.56,-6155.08,1.47,100.93,0.61,17.07,0.1
13,多頭出場,Trailing Stop,2022-11-22 14:00,16211.3,1,35.95,0.22,-6247.09,0.57,45.54,0.28,6.46,0.04
13,多頭進場,Long,2022-11-22 14:00,16162.4,1,35.95,0.22,-6247.09,0.57,45.54,0.28,6.46,0.04
12,空頭出場,Trailing Stop,2022-11-20 08:45,16561.0,1,-2.55,-0.02,-6283.04,-0.04,5.07,0.03,6.63,0.04
12,空頭進場,Short,2022-11-20 08:45,16571.7,1,-2.55,-0.02,-6283.04,-0.04,5.07,0.03,6.63,0.04
11,多頭出場,Trailing Stop,2022-11-18 00:15,16869.9,1,16.62,0.1,-6280.49,0.26,25.46,0.15,6.74,0.04
11,多頭進場,Long,2022-11-18 00:15,16839.8,1,16.62,0.1,-6280.49,0.26,25.46,0.15,6.74,0.04
10,空頭出場,Close entry(s) order Short,2022-11-17 21:15,16696.5,1,-183.09,-1.11,-6297.10,-3,11.29,0.07,219.91,1.33
10,空頭進場,Short,2022-11-17 16:00,16526.7,1,-183.09,-1.11,-6297.10,-3,11.29,0.07,219.91,1.33
9,多頭出場,Trailing Stop,2022-11-14 07:30,16839.1,1,68.36,0.41,-6114.01,1.11,81.60,0.49,67.60,0.4
9,多頭進場,Long,2022-11-14 07:30,16757.3,1,68.36,0.41,-6114.01,1.11,81.60,0.49,67.60,0.4
8,多頭出場,Close entry(s) order Long,2022-11-11 00:30,17485.6,1,-629.83,-3.48,-6182.38,-11.35,55.56,0.31,719.34,3.97
8,多頭進場,Long,2022-11-10 21:00,18101.2,1,-629.83,-3.48,-6182.38,-11.35,55.56,0.31,719.34,3.97
7,空頭出場,Trailing Stop,2022-11-08 17:30,19735.6,1,78.57,0.4,-5552.54,1.4,94.67,0.48,7.93,0.04
7,空頭進場,Short,2022-11-08 17:30,19830.0,1,78.57,0.4,-5552.54,1.4,94.67,0.48,7.93,0.04
6,多頭出場,Close entry(s) order Long,2022-11-08 17:15,20093.1,16.02978,-7767.42,-2.36,-5631.11,-363.42,38.08,0.01,7968.80,2.42
6,多頭進場,Long,2022-11-08 16:45,20561.4,16.02978,-7767.42,-2.36,-5631.11,-363.42,38.08,0.01,7968.80,2.42
5,空頭出場,Trailing Stop,2022-11-07 03:00,20893.7,10.894244,684.74,0.3,2136.30,47.14,799.75,0.35,491.21,0.21
5,空頭進場,Short,2022-11-07 02:30,20973.3,10.894244,684.74,0.3,2136.30,47.14,799.75,0.35,491.21,0.21
4,多頭出場,Trailing Stop,2022-11-04 12:45,20765.4,5.661327,697.72,0.6,1451.57,92.43,759.47,0.65,47.27,0.04
4,多頭進場,Long,2022-11-04 12:45,20625.6,5.661327,697.72,0.6,1451.57,92.43,759.47,0.65,47.27,0.04
3,空頭出場,Trailing Stop,2022-11-02 19:30,20153.1,3.612139,273.23,0.37,753.84,56.73,321.85,0.44,227.92,0.31
3,空頭進場,Short,2022-11-02 19:30,20244.9,3.612139,273.23,0.37,753.84,56.73,321.85,0.44,227.92,0.31
2,多頭出場,Trailing Stop,2022-11-02 18:15,20756.4,2.00526,214.25,0.52,480.62,80.13,237.32,0.57,57.26,0.14
2,多頭進場,Long,2022-11-02 18:15,20633.0,2.00526,214.25,0.52,480.62,80.13,237.32,0.57,57.26,0.14
1,空頭出場,Trailing Stop,2022-11-02 18:00,20148.6,1,266.37,1.3,266.37,26636.81,276.23,1.35,8.17,0.04
1,空頭進場,Short,2022-11-02 18:00,20431.2,1,266.37,1.3,266.37,26636.81,276.23,1.35,8.17,0.04