,1,337,2023/11/08,22:15:00,2023-11-08,22:15:00,35974.5,36050.86,1.0
,1,337,2023/11/08,22:15:00,2023-11-08,22:15:00,35869.4,35945.76,1.0
,1,336,2023/11/07,18:45:00,2023-11-07,18:45:00,35550.2,35822.079999999994,1.0
,1,336,2023/11/07,18:45:00,2023-11-07,18:45:00,35250.0,35521.88,1.0
,1,335,2023/11/07,18:15:00,2023-11-07,18:15:00,35465.8,35603.29,1.0
,1,335,2023/11/07,18:15:00,2023-11-07,18:15:00,35300.0,35437.49,1.0
,1,334,2023/11/05,18:00:00,2023-11-05,18:00:00,35083.9,34927.08,1.0
,1,334,2023/11/05,17:15:00,2023-11-05,17:15:00,35212.6,35055.78,1.0
,1,333,2023/11/04,22:45:00,2023-11-04,22:45:00,35205.5,35345.8,1.0
,1,333,2023/11/04,22:45:00,2023-11-04,22:45:00,35037.1,35177.4,1.0
,1,332,2023/11/01,21:00:00,2023-11-01,21:00:00,35727.1,35931.21,1.0
,1,332,2023/11/01,21:00:00,2023-11-01,21:00:00,35494.5,35698.61,1.0
,1,331,2023/11/01,13:00:00,2023-11-01,13:00:00,34918.6,34983.9,1.0
,1,331,2023/11/01,13:00:00,2023-11-01,13:00:00,34825.4,34890.700000000004,1.0
,1,330,2023/10/31,13:00:00,2023-10-31,13:00:00,34267.2,34289.07,1.0
,1,330,2023/10/31,13:00:00,2023-10-31,13:00:00,34316.5,34338.37,1.0
,1,329,2023/10/30,17:15:00,2023-10-30,17:15:00,34054.8,34148.310000000005,1.0
,1,329,2023/10/30,17:15:00,2023-10-30,17:15:00,34175.6,34269.11,1.0
,1,328,2023/10/30,17:00:00,2023-10-30,17:00:00,34133.2,34369.49,1.0
,1,328,2023/10/30,16:45:00,2023-10-30,16:45:00,34396.9,34633.19,1.0
,1,327,2023/10/30,14:15:00,2023-10-30,14:15:00,34845.7,34857.24,1.0
,1,327,2023/10/30,14:15:00,2023-10-30,14:15:00,34806.3,34817.840000000004,1.0
,1,326,2023/10/30,12:00:00,2023-10-30,12:00:00,34684.5,34713.48,1.0
,1,326,2023/10/30,12:00:00,2023-10-30,12:00:00,34627.8,34656.780000000006,1.0
,1,325,2023/10/30,10:15:00,2023-10-30,10:15:00,34474.2,34296.86,1.0
,1,325,2023/10/30,09:45:00,2023-10-30,09:45:00,34623.9,34446.560000000005,1.0
,1,324,2023/10/29,18:15:00,2023-10-29,18:15:00,34741.7,34757.619999999995,1.0
,1,324,2023/10/29,18:15:00,2023-10-29,18:15:00,34698.0,34713.92,1.0
,1,323,2023/10/29,13:00:00,2023-10-29,13:00:00,34550.3,34632.3,1.0
,1,323,2023/10/29,13:00:00,2023-10-29,13:00:00,34440.7,34522.7,1.0
,1,322,2023/10/28,14:00:00,2023-10-28,14:00:00,33940.8,34008.71000000001,1.0
,1,322,2023/10/28,14:00:00,2023-10-28,14:00:00,34035.9,34103.810000000005,1.0
,1,321,2023/10/24,08:15:00,2023-10-24,08:15:00,33899.1,32980.22,1.0
,1,321,2023/10/24,03:30:00,2023-10-24,03:30:00,34790.5,33871.62,1.0
,1,320,2023/10/23,20:00:00,2023-10-23,20:00:00,31370.9,31560.29,1.0
,1,320,2023/10/23,20:00:00,2023-10-23,20:00:00,31156.5,31345.89,1.0
,1,319,2023/10/23,17:45:00,2023-10-23,17:45:00,31278.3,31529.19,1.0
,1,319,2023/10/23,17:45:00,2023-10-23,17:45:00,31002.5,31253.39,1.0
,1,318,2023/10/23,04:45:00,2023-10-23,04:45:00,30813.8,31115.079999999998,1.0
,1,318,2023/10/23,04:45:00,2023-10-23,04:45:00,30488.0,30789.28,1.0
,1,317,2023/10/23,02:30:00,2023-10-23,02:30:00,30646.5,30863.28,1.0
,1,317,2023/10/23,02:30:00,2023-10-23,02:30:00,30405.3,30622.079999999998,1.0
,1,316,2023/10/21,19:00:00,2023-10-21,19:00:00,30371.6,30586.5,1.0
,1,316,2023/10/21,19:00:00,2023-10-21,19:00:00,30132.5,30347.4,1.0
,1,315,2023/10/20,04:30:00,2023-10-20,04:30:00,29331.4,29352.25,1.0
,1,315,2023/10/20,04:30:00,2023-10-20,04:30:00,29287.1,29307.949999999997,1.0
,1,314,2023/10/20,03:45:00,2023-10-20,03:45:00,29197.4,29474.960000000003,1.0
,1,314,2023/10/20,03:45:00,2023-10-20,03:45:00,28896.6,29174.16,1.0
,1,313,2023/10/16,14:30:00,2023-10-16,14:30:00,30713.6,31932.73,1.0
,1,313,2023/10/16,14:30:00,2023-10-16,14:30:00,29470.4,30689.530000000002,1.0
,1,312,2023/10/16,07:00:00,2023-10-16,07:00:00,27963.8,28001.85,1.0
,1,312,2023/10/16,07:00:00,2023-10-16,07:00:00,27903.4,27941.45,1.0
,1,311,2023/10/15,18:30:00,2023-10-15,18:30:00,27012.5,27023.3,1.0
,1,311,2023/10/15,18:30:00,2023-10-15,18:30:00,26980.1,26990.899999999998,1.0
,1,310,2023/10/15,16:00:00,2023-10-15,16:00:00,26839.7,26828.22,1.0
,1,310,2023/10/15,15:00:00,2023-10-15,15:00:00,26849.7,26838.22,1.0
,1,309,2023/10/13,14:00:00,2023-10-13,14:00:00,26971.3,27000.94,1.0
,1,309,2023/10/13,14:00:00,2023-10-13,14:00:00,26920.1,26949.739999999998,1.0
,1,308,2023/10/11,12:30:00,2023-10-11,12:30:00,27190.2,27190.34,1.0
,1,308,2023/10/11,11:15:00,2023-10-11,11:15:00,27212.1,27212.239999999998,1.0
,1,307,2023/10/09,02:00:00,2023-10-09,02:00:00,27782.1,27781.969999999998,1.0
,1,307,2023/10/09,01:30:00,2023-10-09,01:30:00,27804.2,27804.07,1.0
,1,306,2023/10/09,01:45:00,2023-10-09,01:45:00,27789.3,27789.46,1.0
,1,306,2023/10/08,23:15:00,2023-10-08,23:15:00,27811.7,27811.86,1.0
,1,305,2023/10/08,22:15:00,2023-10-08,22:15:00,27930.1,27781.609999999997,1.0
,1,305,2023/10/08,19:30:00,2023-10-08,19:30:00,27803.9,27655.41,1.0
,1,304,2023/10/06,16:45:00,2023-10-06,16:45:00,28031.3,28097.61,1.0
,1,304,2023/10/06,16:45:00,2023-10-06,16:45:00,27942.6,28008.91,1.0
,1,303,2023/10/06,13:45:00,2023-10-06,13:45:00,27162.4,27496.030000000002,1.0
,1,303,2023/10/06,13:45:00,2023-10-06,13:45:00,27517.9,27851.530000000002,1.0
,1,302,2023/10/05,16:30:00,2023-10-05,16:30:00,27383.6,27631.289999999997,1.0
,1,302,2023/10/05,16:30:00,2023-10-05,16:30:00,27653.3,27900.989999999998,1.0
,1,301,2023/10/05,15:00:00,2023-10-05,15:00:00,28005.7,28012.41,1.0
,1,301,2023/10/05,15:00:00,2023-10-05,15:00:00,27976.6,27983.309999999998,1.0
,1,300,2023/10/05,14:15:00,2023-10-05,14:15:00,28069.1,28276.64,1.0
,1,300,2023/10/05,14:15:00,2023-10-05,14:15:00,27839.2,28046.74,1.0
,1,299,2023/10/04,15:00:00,2023-10-04,15:00:00,27366.0,27382.69,1.0
,1,299,2023/10/04,15:00:00,2023-10-04,15:00:00,27404.6,27421.289999999997,1.0
,1,298,2023/10/02,14:45:00,2023-10-02,14:45:00,28546.9,28660.02,1.0
,1,298,2023/10/02,14:45:00,2023-10-02,14:45:00,28411.0,28524.12,1.0
,1,297,2023/10/02,05:00:00,2023-10-02,05:00:00,28143.3,28174.61,1.0
,1,297,2023/10/02,04:45:00,2023-10-02,04:45:00,28089.5,28120.81,1.0
,1,296,2023/10/01,13:15:00,2023-10-01,13:15:00,27132.9,27035.960000000003,1.0
,1,296,2023/10/01,12:45:00,2023-10-01,12:45:00,27208.1,27111.16,1.0
,1,295,2023/09/28,15:45:00,2023-09-28,15:45:00,26897.2,26993.13,1.0
,1,295,2023/09/28,15:45:00,2023-09-28,15:45:00,26779.8,26875.73,1.0
,1,294,2023/09/27,15:30:00,2023-09-27,15:30:00,26153.8,26305.809999999998,1.0
,1,294,2023/09/27,15:30:00,2023-09-27,15:30:00,26326.8,26478.809999999998,1.0
,1,293,2023/09/27,11:00:00,2023-09-27,11:00:00,26428.9,26453.38,1.0
,1,293,2023/09/27,11:00:00,2023-09-27,11:00:00,26383.3,26407.78,1.0
,1,292,2023/09/26,02:30:00,2023-09-26,02:30:00,26222.3,26217.02,1.0
,1,292,2023/09/25,18:30:00,2023-09-25,18:30:00,26238.0,26232.72,1.0
,1,291,2023/09/24,20:15:00,2023-09-24,20:15:00,26301.8,26495.87,1.0
,1,291,2023/09/24,20:15:00,2023-09-24,20:15:00,26517.0,26711.07,1.0
,1,290,2023/09/24,19:00:00,2023-09-24,19:00:00,26739.2,26795.74,1.0
,1,290,2023/09/24,19:00:00,2023-09-24,19:00:00,26661.3,26717.84,1.0
,1,289,2023/09/19,17:15:00,2023-09-19,17:15:00,27467.8,27500.35,1.0
,1,289,2023/09/19,17:00:00,2023-09-19,17:00:00,27413.3,27445.85,1.0
,1,288,2023/09/19,16:30:00,2023-09-19,16:30:00,27471.0,27604.09,1.0
,1,288,2023/09/19,16:30:00,2023-09-19,16:30:00,27316.0,27449.09,1.0
,1,287,2023/09/19,10:30:00,2023-09-19,10:30:00,27467.7,27661.61,1.0
,1,287,2023/09/19,10:30:00,2023-09-19,10:30:00,27251.9,27445.81,1.0
,1,286,2023/09/18,08:30:00,2023-09-18,08:30:00,26794.2,26834.99,1.0
,1,286,2023/09/18,08:30:00,2023-09-18,08:30:00,26732.0,26772.79,1.0
,1,285,2023/09/18,03:30:00,2023-09-18,03:30:00,26738.7,26814.05,1.0
,1,285,2023/09/18,03:30:00,2023-09-18,03:30:00,26642.0,26717.35,1.0
,1,284,2023/09/18,02:00:00,2023-09-18,02:00:00,26430.5,26428.85,1.0
,1,284,2023/09/18,02:00:00,2023-09-18,02:00:00,26450.0,26448.35,1.0
,1,283,2023/09/16,00:00:00,2023-09-16,00:00:00,26887.5,26989.34,1.0
,1,283,2023/09/16,00:00:00,2023-09-16,00:00:00,26764.2,26866.04,1.0
,1,282,2023/09/14,02:15:00,2023-09-14,02:15:00,26342.3,26149.559999999998,1.0
,1,282,2023/09/14,02:00:00,2023-09-14,02:00:00,26513.9,26321.16,1.0
,1,281,2023/09/12,05:00:00,2023-09-12,05:00:00,25985.9,26162.890000000003,1.0
,1,281,2023/09/12,05:00:00,2023-09-12,05:00:00,25788.2,25965.190000000002,1.0
,1,280,2023/09/12,04:30:00,2023-09-12,04:30:00,25901.5,25922.4,1.0
,1,280,2023/09/12,04:30:00,2023-09-12,04:30:00,25859.9,25880.800000000003,1.0
,1,279,2023/09/11,01:45:00,2023-09-11,01:45:00,25642.0,25671.07,1.0
,1,279,2023/09/11,01:45:00,2023-09-11,01:45:00,25691.6,25720.67,1.0
,1,278,2023/09/10,22:15:00,2023-09-10,22:15:00,25893.9,25897.890000000003,1.0
,1,278,2023/09/10,22:15:00,2023-09-10,22:15:00,25869.2,25873.190000000002,1.0
,1,277,2023/09/10,18:15:00,2023-09-10,18:15:00,25683.4,25691.24,1.0
,1,277,2023/09/10,18:15:00,2023-09-10,18:15:00,25711.8,25719.64,1.0
,1,276,2023/09/07,22:00:00,2023-09-07,22:00:00,26369.5,26726.56,1.0
,1,276,2023/09/07,22:00:00,2023-09-07,22:00:00,25991.5,26348.56,1.0
,1,275,2023/09/05,18:00:00,2023-09-05,18:00:00,25714.3,25717.42,1.0
,1,275,2023/09/05,18:00:00,2023-09-05,18:00:00,25738.0,25741.12,1.0
,1,274,2023/09/05,16:30:00,2023-09-05,16:30:00,25658.3,25660.86,1.0
,1,274,2023/09/05,16:30:00,2023-09-05,16:30:00,25681.4,25683.960000000003,1.0
,1,273,2023/08/29,15:15:00,2023-08-29,15:15:00,27220.3,28239.44,1.0
,1,273,2023/08/29,15:15:00,2023-08-29,15:15:00,26179.8,27198.94,1.0
,1,272,2023/08/28,22:45:00,2023-08-28,22:45:00,25933.3,25941.14,1.0
,1,272,2023/08/28,20:30:00,2023-08-28,20:30:00,25961.9,25969.74,1.0
,1,271,2023/08/28,13:30:00,2023-08-28,13:30:00,26192.7,26209.46,1.0
,1,271,2023/08/28,13:30:00,2023-08-28,13:30:00,26155.0,26171.76,1.0
,1,270,2023/08/27,23:00:00,2023-08-27,23:00:00,26030.7,26037.760000000002,1.0
,1,270,2023/08/27,23:00:00,2023-08-27,23:00:00,26058.6,26065.66,1.0
,1,269,2023/08/27,19:00:00,2023-08-27,19:00:00,26021.0,26033.37,1.0
,1,269,2023/08/27,19:00:00,2023-08-27,19:00:00,26054.2,26066.57,1.0
,1,268,2023/08/27,15:15:00,2023-08-27,15:15:00,26166.5,26191.99,1.0
,1,268,2023/08/27,15:15:00,2023-08-27,15:15:00,26120.1,26145.59,1.0
,1,267,2023/08/23,23:00:00,2023-08-23,23:00:00,26306.3,25950.32,1.0
,1,267,2023/08/23,21:30:00,2023-08-23,21:30:00,26641.1,26285.12,1.0
,1,266,2023/08/23,15:15:00,2023-08-23,15:15:00,25912.2,25922.06,1.0
,1,266,2023/08/23,15:15:00,2023-08-23,15:15:00,25942.8,25952.66,1.0
,1,265,2023/08/22,18:30:00,2023-08-22,18:30:00,25696.2,25906.95,1.0
,1,265,2023/08/22,18:30:00,2023-08-22,18:30:00,25927.6,26138.35,1.0
,1,264,2023/08/22,01:30:00,2023-08-22,01:30:00,26088.3,25966.59,1.0
,1,264,2023/08/21,22:45:00,2023-08-21,22:45:00,26189.1,26067.39,1.0
,1,263,2023/08/21,20:45:00,2023-08-21,20:45:00,26102.8,25832.12,1.0
,1,263,2023/08/21,16:30:00,2023-08-21,16:30:00,25852.9,25582.22,1.0
,1,262,2023/08/21,06:45:00,2023-08-21,06:45:00,26084.4,26082.420000000002,1.0
,1,262,2023/08/21,06:45:00,2023-08-21,06:45:00,26103.3,26101.32,1.0
,1,261,2023/08/20,21:45:00,2023-08-20,21:45:00,26283.3,26295.69,1.0
,1,261,2023/08/20,21:45:00,2023-08-20,21:45:00,26249.9,26262.29,1.0
,1,260,2023/08/18,05:15:00,2023-08-18,05:15:00,26156.2,26312.100000000002,1.0
,1,260,2023/08/17,23:45:00,2023-08-17,23:45:00,26333.1,26489.0,1.0
,1,259,2023/08/14,19:15:00,2023-08-14,19:15:00,29273.2,29291.66,1.0
,1,259,2023/08/14,19:15:00,2023-08-14,19:15:00,29315.1,29333.559999999998,1.0
,1,258,2023/08/14,16:30:00,2023-08-14,16:30:00,29661.6,29665.28,1.0
,1,258,2023/08/14,16:30:00,2023-08-14,16:30:00,29634.2,29637.88,1.0
,1,257,2023/08/14,15:15:00,2023-08-14,15:15:00,29452.9,29461.15,1.0
,1,257,2023/08/14,15:15:00,2023-08-14,15:15:00,29421.1,29429.35,1.0
,1,256,2023/08/13,23:00:00,2023-08-13,23:00:00,29331.5,29341.32,1.0
,1,256,2023/08/13,22:45:00,2023-08-13,22:45:00,29364.8,29374.62,1.0
,1,255,2023/08/08,12:00:00,2023-08-08,12:00:00,29397.0,29481.53,1.0
,1,255,2023/08/08,12:00:00,2023-08-08,12:00:00,29289.0,29373.53,1.0
,1,254,2023/08/07,19:15:00,2023-08-07,19:15:00,29173.0,29211.19,1.0
,1,254,2023/08/07,19:15:00,2023-08-07,19:15:00,29111.5,29149.69,1.0
,1,253,2023/08/07,02:30:00,2023-08-07,02:30:00,29193.6,29195.859999999997,1.0
,1,253,2023/08/07,02:30:00,2023-08-07,02:30:00,29168.0,29170.26,1.0
,1,252,2023/08/06,22:15:00,2023-08-06,22:15:00,29197.1,29187.949999999997,1.0
,1,252,2023/08/06,22:15:00,2023-08-06,22:15:00,29182.9,29173.75,1.0
,1,251,2023/08/02,00:15:00,2023-08-02,00:15:00,29471.6,29551.66,1.0
,1,251,2023/08/02,00:15:00,2023-08-02,00:15:00,29368.0,29448.06,1.0
,1,250,2023/08/01,20:00:00,2023-08-01,20:00:00,29327.2,29369.56,1.0
,1,250,2023/08/01,20:00:00,2023-08-01,20:00:00,29261.4,29303.760000000002,1.0
,1,249,2023/07/31,01:45:00,2023-07-31,01:45:00,29523.7,29531.09,1.0
,1,249,2023/07/31,01:45:00,2023-07-31,01:45:00,29492.7,29500.09,1.0
,1,248,2023/07/30,21:00:00,2023-07-30,21:00:00,29007.4,29163.920000000002,1.0
,1,248,2023/07/30,21:00:00,2023-07-30,21:00:00,29187.2,29343.72,1.0
,1,247,2023/07/30,16:30:00,2023-07-30,16:30:00,29430.7,29428.16,1.0
,1,247,2023/07/30,16:30:00,2023-07-30,16:30:00,29409.7,29407.16,1.0
,1,246,2023/07/30,16:00:00,2023-07-30,16:00:00,29377.2,29177.77,1.0
,1,246,2023/07/28,18:45:00,2023-07-28,18:45:00,29201.2,29001.77,1.0
,1,245,2023/07/28,16:00:00,2023-07-28,16:00:00,29533.9,29568.600000000002,1.0
,1,245,2023/07/28,16:00:00,2023-07-28,16:00:00,29475.6,29510.3,1.0
,1,244,2023/07/26,21:45:00,2023-07-26,21:45:00,29663.5,29739.21,1.0
,1,244,2023/07/26,21:45:00,2023-07-26,21:45:00,29564.1,29639.809999999998,1.0
,1,243,2023/07/26,21:15:00,2023-07-26,21:15:00,29580.0,29699.59,1.0
,1,243,2023/07/26,21:15:00,2023-07-26,21:15:00,29436.8,29556.39,1.0
,1,242,2023/07/26,07:45:00,2023-07-26,07:45:00,29172.5,29172.65,1.0
,1,242,2023/07/26,07:45:00,2023-07-26,07:45:00,29196.0,29196.15,1.0
,1,241,2023/07/23,06:30:00,2023-07-23,06:30:00,29968.1,29957.43,1.0
,1,241,2023/07/23,06:30:00,2023-07-23,06:30:00,29954.8,29944.13,1.0
,1,240,2023/07/23,01:30:00,2023-07-23,01:30:00,29744.9,29736.300000000003,1.0
,1,240,2023/07/23,01:15:00,2023-07-23,01:15:00,29760.1,29751.5,1.0
,1,239,2023/07/20,15:45:00,2023-07-20,15:45:00,29603.0,29759.65,1.0
,1,239,2023/07/20,15:45:00,2023-07-20,15:45:00,29783.4,29940.050000000003,1.0
,1,238,2023/07/20,08:45:00,2023-07-20,08:45:00,30217.1,30215.239999999998,1.0
,1,238,2023/07/20,08:30:00,2023-07-20,08:30:00,30194.8,30192.94,1.0
,1,237,2023/07/20,06:45:00,2023-07-20,06:45:00,30159.5,30161.68,1.0
,1,237,2023/07/20,06:45:00,2023-07-20,06:45:00,30133.2,30135.38,1.0
,1,236,2023/07/19,15:15:00,2023-07-19,15:15:00,29835.2,29855.510000000002,1.0
,1,236,2023/07/19,15:15:00,2023-07-19,15:15:00,29879.4,29899.710000000003,1.0
,1,235,2023/07/17,18:45:00,2023-07-17,18:45:00,29982.1,30032.079999999998,1.0
,1,235,2023/07/17,18:45:00,2023-07-17,18:45:00,30056.1,30106.079999999998,1.0
,1,234,2023/07/17,18:15:00,2023-07-17,18:15:00,29887.7,29988.940000000002,1.0
,1,234,2023/07/17,18:15:00,2023-07-17,18:15:00,30012.9,30114.140000000003,1.0
,1,233,2023/07/17,18:15:00,2023-07-17,18:15:00,30015.6,30062.46,1.0
,1,233,2023/07/17,17:45:00,2023-07-17,17:45:00,30086.5,30133.36,1.0
,1,232,2023/07/17,13:15:00,2023-07-17,13:15:00,30018.2,30053.96,1.0
,1,232,2023/07/17,13:15:00,2023-07-17,13:15:00,30078.0,30113.76,1.0
,1,231,2023/07/17,00:30:00,2023-07-17,00:30:00,30112.2,30165.280000000002,1.0
,1,231,2023/07/17,00:30:00,2023-07-17,00:30:00,30189.4,30242.480000000003,1.0
,1,230,2023/07/13,18:45:00,2023-07-13,18:45:00,31195.1,31245.269999999997,1.0
,1,230,2023/07/13,18:45:00,2023-07-13,18:45:00,31120.0,31170.17,1.0
,1,229,2023/07/13,16:45:00,2023-07-13,16:45:00,31201.7,31372.420000000002,1.0
,1,229,2023/07/13,16:45:00,2023-07-13,16:45:00,31006.1,31176.82,1.0
,1,228,2023/07/12,16:45:00,2023-07-12,16:45:00,30451.1,30493.91,1.0
,1,228,2023/07/12,16:45:00,2023-07-12,16:45:00,30518.3,30561.11,1.0
,1,227,2023/07/12,13:30:00,2023-07-12,13:30:00,30978.6,31145.289999999997,1.0
,1,227,2023/07/12,13:30:00,2023-07-12,13:30:00,30787.2,30953.89,1.0
,1,226,2023/07/11,10:30:00,2023-07-11,10:30:00,30348.8,30381.0,1.0
,1,226,2023/07/11,10:30:00,2023-07-11,10:30:00,30405.3,30437.5,1.0
,1,225,2023/07/10,23:00:00,2023-07-10,23:00:00,30164.4,30258.620000000003,1.0
,1,225,2023/07/10,23:00:00,2023-07-10,23:00:00,30282.8,30377.02,1.0
,1,224,2023/07/10,19:30:00,2023-07-10,19:30:00,30495.9,30631.47,1.0
,1,224,2023/07/10,18:00:00,2023-07-10,18:00:00,30336.0,30471.57,1.0
,1,223,2023/07/09,03:45:00,2023-07-09,03:45:00,30260.5,-21937325.88,153452.125757
,1,223,2023/07/09,02:15:00,2023-07-09,02:15:00,30379.4,-21937206.98,153452.125757
,1,222,2023/07/06,08:45:00,2023-07-06,08:45:00,30842.3,412887.01,150586.790426
,1,222,2023/07/06,08:45:00,2023-07-06,08:45:00,30815.1,412859.81,150586.790426
,1,221,2023/07/04,02:45:00,2023-07-04,02:45:00,31293.2,683602.32,145694.472041
,1,221,2023/07/04,02:45:00,2023-07-04,02:45:00,31263.7,683572.82,145694.472041
,1,220,2023/07/03,16:15:00,2023-07-03,16:15:00,30932.0,1100302.53,137674.193086
,1,220,2023/07/03,16:15:00,2023-07-03,16:15:00,30899.5,1100270.03,137674.193086
,1,219,2023/07/03,16:00:00,2023-07-03,16:00:00,30948.1,10480868.54,59299.789787
,1,219,2023/07/03,15:45:00,2023-07-03,15:45:00,30747.2,10480667.639999999,59299.789787
,1,218,2023/07/03,01:15:00,2023-07-03,01:15:00,30647.1,-1715331.89,72394.632215
,1,218,2023/07/03,00:00:00,2023-07-03,00:00:00,30646.7,-1715332.29,72394.632215
,1,217,2023/07/02,23:30:00,2023-07-02,23:30:00,30790.2,3775460.5,44309.604993
,1,217,2023/07/02,23:30:00,2023-07-02,23:30:00,30681.1,3775351.4,44309.604993
,1,216,2023/07/02,17:15:00,2023-07-02,17:15:00,30706.7,2961949.06,22325.287321
,1,216,2023/07/02,17:15:00,2023-07-02,17:15:00,30550.9,2961793.26,22325.287321
,1,215,2023/06/30,15:30:00,2023-06-30,15:30:00,30058.1,1157688.73,13868.057625
,1,215,2023/06/30,15:30:00,2023-06-30,15:30:00,30163.5,1157794.13,13868.057625
,1,214,2023/06/30,14:45:00,2023-06-30,14:45:00,29506.4,1604159.7999999998,2058.157157
,1,214,2023/06/30,14:45:00,2023-06-30,14:45:00,30295.4,1604948.7999999998,2058.157157
,1,213,2023/06/29,11:30:00,2023-06-29,11:30:00,30729.0,131979.13,1298.781212
,1,213,2023/06/29,11:30:00,2023-06-29,11:30:00,30626.5,131876.63,1298.781212
,1,212,2023/06/28,01:30:00,2023-06-28,01:30:00,30459.0,66390.69,1029.293534
,1,212,2023/06/28,01:30:00,2023-06-28,01:30:00,30518.3,66449.99,1029.293534
,1,211,2023/06/27,15:30:00,2023-06-27,15:30:00,30893.6,56036.94,840.718521
,1,211,2023/06/27,15:30:00,2023-06-27,15:30:00,30839.0,55982.34,840.718521
,1,210,2023/06/27,11:15:00,2023-06-27,11:15:00,30693.7,57580.380000000005,639.068409
,1,210,2023/06/27,11:15:00,2023-06-27,11:15:00,30627.1,57513.78,639.068409
,1,209,2023/06/26,17:45:00,2023-06-26,17:45:00,30196.3,58411.32,427.455754
,1,209,2023/06/26,15:45:00,2023-06-26,15:45:00,30286.5,58501.520000000004,427.455754
,1,208,2023/06/23,16:45:00,2023-06-23,16:45:00,31494.0,78582.98999999999,74.288292
,1,208,2023/06/23,16:45:00,2023-06-23,16:45:00,30835.2,77924.19,74.288292
,1,207,2023/06/23,16:15:00,2023-06-23,16:15:00,30986.0,38954.55,14.524173
,1,207,2023/06/23,16:15:00,2023-06-23,16:15:00,30412.8,38381.35,14.524173
,1,206,2023/06/21,15:30:00,2023-06-21,15:30:00,29549.6,30773.649999999998,5.343777
,1,206,2023/06/21,15:30:00,2023-06-21,15:30:00,29297.0,30521.05,5.343777
,1,205,2023/06/20,17:00:00,2023-06-20,17:00:00,27087.9,27146.47,4.904467
,1,205,2023/06/20,17:00:00,2023-06-20,17:00:00,27054.3,27112.87,4.904467
,1,204,2023/06/20,01:45:00,2023-06-20,01:45:00,27038.6,27328.1,2.733206
,1,204,2023/06/20,01:30:00,2023-06-20,01:30:00,26911.1,27200.6,2.733206
,1,203,2023/06/19,18:45:00,2023-06-19,18:45:00,26657.5,26670.63,2.63471
,1,203,2023/06/19,18:45:00,2023-06-19,18:45:00,26631.2,26644.33,2.63471
,1,202,2023/06/18,21:15:00,2023-06-18,21:15:00,26344.8,26523.25,1.296319
,1,202,2023/06/18,21:15:00,2023-06-18,21:15:00,26503.6,26682.05,1.296319
,1,201,2023/06/17,06:45:00,2023-06-17,06:45:00,26747.2,26762.36,1.182644
,1,201,2023/06/17,06:45:00,2023-06-17,06:45:00,26713.0,26728.16,1.182644
,1,200,2023/06/16,17:00:00,2023-06-16,17:00:00,25877.9,25902.72,1.0
,1,200,2023/06/16,17:00:00,2023-06-16,17:00:00,25832.4,25857.22,1.0
,1,199,2023/06/16,16:15:00,2023-06-16,16:15:00,25680.5,25729.58,1.0
,1,199,2023/06/16,16:15:00,2023-06-16,16:15:00,25610.9,25659.980000000003,1.0
,1,198,2023/06/12,19:00:00,2023-06-12,19:00:00,25766.0,25776.77,1.0
,1,198,2023/06/12,19:00:00,2023-06-12,19:00:00,25797.4,25808.170000000002,1.0
,1,197,2023/06/12,03:45:00,2023-06-12,03:45:00,25634.6,25702.059999999998,1.0
,1,197,2023/06/12,03:30:00,2023-06-12,03:30:00,25722.6,25790.059999999998,1.0
,1,196,2023/06/12,03:15:00,2023-06-12,03:15:00,25602.9,25761.550000000003,1.0
,1,196,2023/06/11,23:45:00,2023-06-11,23:45:00,25782.1,25940.75,1.0
,1,195,2023/06/11,23:30:00,2023-06-11,23:30:00,25978.4,25802.36,1.0
,1,195,2023/06/11,21:15:00,2023-06-11,21:15:00,26133.6,25957.559999999998,1.0
,1,194,2023/06/11,20:30:00,2023-06-11,20:30:00,26091.1,26110.34,1.0
,1,194,2023/06/11,20:30:00,2023-06-11,20:30:00,26051.0,26070.24,1.0
,1,193,2023/06/10,19:45:00,2023-06-10,19:45:00,25524.1,25587.649999999998,1.0
,1,193,2023/06/10,19:30:00,2023-06-10,19:30:00,25608.1,25671.649999999998,1.0
,1,192,2023/06/09,17:00:00,2023-06-09,17:00:00,26432.3,26444.04,1.0
,1,192,2023/06/09,17:00:00,2023-06-09,17:00:00,26465.2,26476.940000000002,1.0
,1,191,2023/06/06,18:30:00,2023-06-06,18:30:00,26774.6,26840.42,1.0
,1,191,2023/06/06,18:30:00,2023-06-06,18:30:00,26687.4,26753.22,1.0
,1,190,2023/06/05,00:30:00,2023-06-05,00:30:00,27105.3,27110.899999999998,1.0
,1,190,2023/06/05,00:30:00,2023-06-05,00:30:00,27132.6,27138.199999999997,1.0
,1,189,2023/06/03,17:30:00,2023-06-03,17:30:00,27310.3,27305.96,1.0
,1,189,2023/06/03,17:00:00,2023-06-03,17:00:00,27292.8,27288.46,1.0
,1,188,2023/06/02,20:30:00,2023-06-02,20:30:00,27276.6,27493.739999999998,3.031964
,1,188,2023/06/02,20:00:00,2023-06-02,20:00:00,27183.2,27400.34,3.031964
,1,187,2023/06/02,20:00:00,2023-06-02,20:00:00,27183.2,26556.48,2.031964
,1,187,2023/06/02,15:00:00,2023-06-02,15:00:00,26896.4,26269.68,2.031964
,1,186,2023/05/31,03:45:00,2023-05-31,03:45:00,27608.9,27614.870000000003,1.98721
,1,186,2023/05/31,03:15:00,2023-05-31,03:15:00,27634.0,27639.97,1.98721
,1,185,2023/05/28,22:15:00,2023-05-28,22:15:00,27647.5,27658.53,1.904463
,1,185,2023/05/28,19:45:00,2023-05-28,19:45:00,27619.6,27630.629999999997,1.904463
,1,184,2023/05/28,01:45:00,2023-05-28,01:45:00,27108.7,27219.22,1.07553
,1,184,2023/05/28,01:45:00,2023-05-28,01:45:00,26984.3,27094.82,1.07553
,1,183,2023/05/26,15:15:00,2023-05-26,15:15:00,26837.9,27072.230000000003,1.0
,1,183,2023/05/26,15:15:00,2023-05-26,15:15:00,26582.2,26816.530000000002,1.0
,1,182,2023/05/26,14:45:00,2023-05-26,14:45:00,26536.8,26369.63,1.0
,1,182,2023/05/26,13:45:00,2023-05-26,13:45:00,26390.8,26223.63,1.0
,1,181,2023/05/25,14:45:00,2023-05-25,14:45:00,26262.4,26292.07,1.0
,1,181,2023/05/25,14:45:00,2023-05-25,14:45:00,26313.1,26342.769999999997,1.0
,1,180,2023/05/23,04:00:00,2023-05-23,04:00:00,27222.6,27304.16,1.0
,1,180,2023/05/23,04:00:00,2023-05-23,04:00:00,27119.3,27200.86,1.0
,1,179,2023/05/21,02:00:00,2023-05-21,02:00:00,27247.4,27244.010000000002,1.0
,1,179,2023/05/21,02:00:00,2023-05-21,02:00:00,27229.0,27225.61,1.0
,1,178,2023/05/20,20:00:00,2023-05-20,20:00:00,27019.0,26886.44,1.0
,1,178,2023/05/20,19:00:00,2023-05-20,19:00:00,27129.9,26997.34,1.0
,1,177,2023/05/19,17:30:00,2023-05-19,17:30:00,26786.0,26848.54,1.0
,1,177,2023/05/19,17:00:00,2023-05-19,17:00:00,26870.0,26932.54,1.0
,1,176,2023/05/18,16:45:00,2023-05-18,16:45:00,27034.5,27085.64,1.0
,1,176,2023/05/18,16:30:00,2023-05-18,16:30:00,27107.3,27158.44,1.0
,1,175,2023/05/18,15:45:00,2023-05-18,15:45:00,27010.1,27158.519999999997,1.0
,1,175,2023/05/18,15:45:00,2023-05-18,15:45:00,27180.2,27328.62,1.0
,1,174,2023/05/18,13:15:00,2023-05-18,13:15:00,27464.0,27475.74,1.0
,1,174,2023/05/18,13:15:00,2023-05-18,13:15:00,27430.3,27442.04,1.0
,1,173,2023/05/17,20:15:00,2023-05-17,20:15:00,27421.1,27527.609999999997,1.0
,1,173,2023/05/17,20:15:00,2023-05-17,20:15:00,27292.7,27399.21,1.0
,1,172,2023/05/16,10:45:00,2023-05-16,10:45:00,27061.4,27104.43,1.0
,1,172,2023/05/16,10:45:00,2023-05-16,10:45:00,27126.1,27169.129999999997,1.0
,1,171,2023/05/15,18:15:00,2023-05-15,18:15:00,27646.6,27676.5,1.0
,1,171,2023/05/15,18:15:00,2023-05-15,18:15:00,27594.6,27624.5,1.0
,1,170,2023/05/15,17:30:00,2023-05-15,17:30:00,27597.4,27705.370000000003,1.0
,1,170,2023/05/15,17:30:00,2023-05-15,17:30:00,27467.4,27575.370000000003,1.0
,1,169,2023/05/15,02:45:00,2023-05-15,02:45:00,27275.9,27420.050000000003,1.0
,1,169,2023/05/15,02:45:00,2023-05-15,02:45:00,27110.0,27254.15,1.0
,1,168,2023/05/10,20:30:00,2023-05-10,20:30:00,27675.4,27108.18,1.0
,1,168,2023/05/10,18:30:00,2023-05-10,18:30:00,27130.1,26562.879999999997,1.0
,1,167,2023/05/10,14:45:00,2023-05-10,14:45:00,28174.3,28185.67,1.0
,1,167,2023/05/10,14:45:00,2023-05-10,14:45:00,28140.4,28151.77,1.0
,1,166,2023/05/10,13:45:00,2023-05-10,13:45:00,28166.3,28325.04,1.0
,1,166,2023/05/10,13:45:00,2023-05-10,13:45:00,27985.1,28143.84,1.0
,1,165,2023/05/05,15:45:00,2023-05-05,15:45:00,29433.0,29508.89,1.0
,1,165,2023/05/05,15:45:00,2023-05-05,15:45:00,29333.6,29409.489999999998,1.0
,1,164,2023/05/05,14:00:00,2023-05-05,14:00:00,28887.5,28931.86,1.0
,1,164,2023/05/05,13:45:00,2023-05-05,13:45:00,28955.0,28999.36,1.0
,1,163,2023/05/05,03:00:00,2023-05-05,03:00:00,29547.8,29761.26,1.0
,1,163,2023/05/05,02:45:00,2023-05-05,02:45:00,29310.8,29524.26,1.0
,1,162,2023/05/03,22:30:00,2023-05-03,22:30:00,29045.5,29231.95,1.0
,1,162,2023/05/03,22:30:00,2023-05-03,22:30:00,28835.9,29022.350000000002,1.0
,1,161,2023/05/03,22:15:00,2023-05-03,22:15:00,28600.0,28262.85,1.0
,1,161,2023/05/03,20:15:00,2023-05-03,20:15:00,28285.6,27948.449999999997,1.0
,1,160,2023/05/03,19:00:00,2023-05-03,19:00:00,28559.2,28381.79,1.0
,1,160,2023/05/03,18:45:00,2023-05-03,18:45:00,28713.7,28536.29,1.0
,1,159,2023/05/02,16:45:00,2023-05-02,16:45:00,28705.4,28735.460000000003,1.0
,1,159,2023/05/02,16:45:00,2023-05-02,16:45:00,28652.4,28682.460000000003,1.0
,1,158,2023/04/30,16:00:00,2023-04-30,16:00:00,29683.0,29965.38,1.0
,1,158,2023/04/30,16:00:00,2023-04-30,16:00:00,29377.0,29659.38,1.0
,1,157,2023/04/27,02:30:00,2023-04-27,02:30:00,28834.6,28152.539999999997,1.175176
,1,157,2023/04/27,01:30:00,2023-04-27,01:30:00,29391.7,28709.64,1.175176
,1,156,2023/04/26,22:15:00,2023-04-26,22:15:00,28079.5,28180.59,1.0
,1,156,2023/04/26,22:15:00,2023-04-26,22:15:00,28203.1,28304.19,1.0
,1,155,2023/04/26,20:45:00,2023-04-26,20:45:00,27651.6,28237.539999999997,1.0
,1,155,2023/04/26,20:45:00,2023-04-26,20:45:00,28259.9,28845.84,1.0
,1,154,2023/04/25,21:15:00,2023-04-25,21:15:00,27965.8,28059.27,1.0
,1,154,2023/04/25,21:15:00,2023-04-25,21:15:00,27850.0,27943.47,1.0
,1,153,2023/04/25,19:15:00,2023-04-25,19:15:00,27731.4,27785.850000000002,1.0
,1,153,2023/04/25,19:15:00,2023-04-25,19:15:00,27654.8,27709.25,1.0
,1,152,2023/04/24,16:15:00,2023-04-24,16:15:00,27226.2,27291.38,1.0
,1,152,2023/04/24,15:45:00,2023-04-24,15:45:00,27313.2,27378.38,1.0
,1,151,2023/04/24,08:00:00,2023-04-24,08:00:00,27380.8,27512.03,1.0
,1,151,2023/04/24,08:00:00,2023-04-24,08:00:00,27534.0,27665.23,1.0
,1,150,2023/04/24,02:00:00,2023-04-24,02:00:00,27960.6,28105.3,1.0
,1,150,2023/04/24,02:00:00,2023-04-24,02:00:00,27793.6,27938.3,1.0
,1,149,2023/04/23,20:00:00,2023-04-23,20:00:00,27408.8,27421.559999999998,1.0
,1,149,2023/04/23,20:00:00,2023-04-23,20:00:00,27443.5,27456.26,1.0
,1,148,2023/04/23,02:45:00,2023-04-23,02:45:00,27460.2,27473.52,1.0
,1,148,2023/04/23,01:45:00,2023-04-23,01:45:00,27495.5,27508.82,1.0
,1,147,2023/04/19,07:30:00,2023-04-19,07:30:00,30072.7,30075.93,1.0
,1,147,2023/04/19,07:30:00,2023-04-19,07:30:00,30100.0,30103.23,1.0
,1,146,2023/04/18,19:00:00,2023-04-18,19:00:00,30013.4,27800.2,8.733935
,1,146,2023/04/18,15:45:00,2023-04-18,15:45:00,30242.7,28029.5,8.733935
,1,145,2023/04/18,12:45:00,2023-04-18,12:45:00,30374.7,30649.73,6.671209
,1,145,2023/04/18,12:45:00,2023-04-18,12:45:00,30309.2,30584.23,6.671209
,1,144,2023/04/16,22:00:00,2023-04-16,22:00:00,30264.5,30311.13,6.321514
,1,144,2023/04/16,21:15:00,2023-04-16,21:15:00,30296.1,30342.73,6.321514
,1,143,2023/04/16,20:00:00,2023-04-16,20:00:00,30558.4,30777.670000000002,4.677013
,1,143,2023/04/16,20:00:00,2023-04-16,20:00:00,30487.1,30706.37,4.677013
,1,142,2023/04/14,01:45:00,2023-04-14,01:45:00,30764.9,30840.54,4.10971
,1,142,2023/04/14,01:45:00,2023-04-14,01:45:00,30721.9,30797.54,4.10971
,1,141,2023/04/13,15:45:00,2023-04-13,15:45:00,30553.1,30846.55,1.90886
,1,141,2023/04/13,15:45:00,2023-04-13,15:45:00,30375.0,30668.45,1.90886
,1,140,2023/04/10,18:00:00,2023-04-10,18:00:00,29295.7,29534.97,1.0
,1,140,2023/04/10,18:00:00,2023-04-10,18:00:00,29033.1,29272.37,1.0
,1,139,2023/04/09,22:30:00,2023-04-09,22:30:00,28397.5,28467.52,1.0
,1,139,2023/04/09,22:30:00,2023-04-09,22:30:00,28304.8,28374.82,1.0
,1,138,2023/04/09,20:15:00,2023-04-09,20:15:00,28288.9,28479.25,1.0
,1,138,2023/04/09,20:15:00,2023-04-09,20:15:00,28076.0,28266.35,1.0
,1,137,2023/04/09,07:15:00,2023-04-09,07:15:00,27906.1,27917.66,1.0
,1,137,2023/04/09,07:15:00,2023-04-09,07:15:00,27940.0,27951.56,1.0
,1,136,2023/04/08,07:00:00,2023-04-08,07:00:00,28148.4,28142.390000000003,1.0
,1,136,2023/04/08,07:00:00,2023-04-08,07:00:00,28131.9,28125.890000000003,1.0
,1,135,2023/04/05,01:45:00,2023-04-05,01:45:00,28741.8,29344.469999999998,2.0
,1,135,2023/04/05,01:45:00,2023-04-05,01:45:00,28417.6,29020.269999999997,2.0
,1,134,2023/04/05,01:45:00,2023-04-05,01:45:00,28417.6,27964.44,1.0
,1,134,2023/04/04,16:30:00,2023-04-04,16:30:00,27987.0,27533.84,1.0
,1,133,2023/04/03,09:30:00,2023-04-03,09:30:00,28456.1,28519.969999999998,1.0
,1,133,2023/04/03,09:30:00,2023-04-03,09:30:00,28369.5,28433.37,1.0
,1,132,2023/03/30,16:45:00,2023-03-30,16:45:00,28150.2,28226.14,1.0
,1,132,2023/03/30,15:15:00,2023-03-30,15:15:00,28248.7,28324.64,1.0
,1,131,2023/03/30,03:30:00,2023-03-30,03:30:00,29180.3,29531.41,1.0
,1,131,2023/03/30,03:30:00,2023-03-30,03:30:00,28806.0,29157.11,1.0
,1,130,2023/03/23,15:45:00,2023-03-23,15:45:00,28662.5,28786.83,1.0
,1,130,2023/03/23,15:45:00,2023-03-23,15:45:00,28515.3,28639.63,1.0
,1,129,2023/03/22,19:00:00,2023-03-22,19:00:00,27083.8,27996.86,1.0
,1,129,2023/03/22,19:00:00,2023-03-22,19:00:00,28018.9,28931.960000000003,1.0
,1,128,2023/03/22,15:15:00,2023-03-22,15:15:00,28726.9,28844.27,1.0
,1,128,2023/03/22,15:15:00,2023-03-22,15:15:00,28586.6,28703.969999999998,1.0
,1,127,2023/03/21,16:45:00,2023-03-21,16:45:00,28434.3,28520.7,1.0
,1,127,2023/03/21,16:45:00,2023-03-21,16:45:00,28325.2,28411.600000000002,1.0
,1,126,2023/03/20,08:30:00,2023-03-20,08:30:00,28448.3,28689.05,1.0
,1,126,2023/03/20,08:30:00,2023-03-20,08:30:00,28184.9,28425.65,1.0
,1,125,2023/03/20,07:45:00,2023-03-20,07:45:00,28255.5,28348.54,1.0
,1,125,2023/03/20,07:45:00,2023-03-20,07:45:00,28139.9,28232.940000000002,1.0
,1,124,2023/03/17,01:30:00,2023-03-17,01:30:00,25465.4,25558.47,1.0
,1,124,2023/03/17,01:30:00,2023-03-17,01:30:00,25352.0,25445.07,1.0
,1,123,2023/03/14,13:45:00,2023-03-14,13:45:00,26047.2,26140.21,1.0
,1,123,2023/03/14,13:45:00,2023-03-14,13:45:00,25933.4,26026.41,1.0
,1,122,2023/03/14,12:45:00,2023-03-14,12:45:00,26085.0,26627.26,1.0
,1,122,2023/03/14,12:45:00,2023-03-14,12:45:00,25522.1,26064.359999999997,1.0
,1,121,2023/03/13,14:00:00,2023-03-13,14:00:00,23117.8,23750.17,1.0
,1,121,2023/03/13,14:00:00,2023-03-13,14:00:00,22467.2,23099.57,1.0
,1,120,2023/03/13,13:30:00,2023-03-13,13:30:00,22485.8,22523.13,1.0
,1,120,2023/03/13,13:30:00,2023-03-13,13:30:00,22430.5,22467.83,1.0
,1,119,2023/03/12,20:45:00,2023-03-12,20:45:00,21344.1,21469.98,1.0
,1,119,2023/03/12,20:45:00,2023-03-12,20:45:00,21201.2,21327.08,1.0
,1,118,2023/03/12,18:30:00,2023-03-12,18:30:00,21346.2,21795.510000000002,1.0
,1,118,2023/03/12,18:30:00,2023-03-12,18:30:00,20880.0,21329.31,1.0
,1,117,2023/03/12,18:00:00,2023-03-12,18:00:00,20825.7,20859.86,1.0
,1,117,2023/03/12,18:00:00,2023-03-12,18:00:00,20774.9,20809.06,1.0
,1,116,2023/03/07,20:00:00,2023-03-07,20:00:00,21975.1,22100.859999999997,1.0
,1,116,2023/03/07,20:00:00,2023-03-07,20:00:00,22118.5,22244.26,1.0
,1,115,2023/03/06,19:30:00,2023-03-06,19:30:00,22356.7,22377.0,1.0
,1,115,2023/03/06,19:30:00,2023-03-06,19:30:00,22394.9,22415.2,1.0
,1,114,2023/03/06,16:00:00,2023-03-06,16:00:00,22574.6,22587.55,1.0
,1,114,2023/03/06,16:00:00,2023-03-06,16:00:00,22543.6,22556.55,1.0
,1,113,2023/03/06,01:45:00,2023-03-06,01:45:00,22302.4,22336.440000000002,1.0
,1,113,2023/03/05,21:45:00,2023-03-05,21:45:00,22354.3,22388.34,1.0
,1,112,2023/03/05,02:45:00,2023-03-05,02:45:00,22292.9,22306.850000000002,1.0
,1,112,2023/03/05,02:45:00,2023-03-05,02:45:00,22324.7,22338.65,1.0
,1,111,2023/03/05,01:30:00,2023-03-05,01:30:00,22630.8,22697.329999999998,1.0
,1,111,2023/03/05,01:30:00,2023-03-05,01:30:00,22546.2,22612.73,1.0
,1,110,2023/03/01,05:00:00,2023-03-01,05:00:00,23820.6,23833.96,1.0
,1,110,2023/03/01,05:00:00,2023-03-01,05:00:00,23788.2,23801.56,1.0
,1,109,2023/02/27,16:15:00,2023-02-27,16:15:00,23227.9,23282.79,1.0
,1,109,2023/02/27,16:15:00,2023-02-27,16:15:00,23301.4,23356.29,1.0
,1,108,2023/02/27,14:45:00,2023-02-27,14:45:00,23807.3,23817.37,1.0
,1,108,2023/02/27,14:30:00,2023-02-27,14:30:00,23778.2,23788.27,1.0
,1,107,2023/02/27,13:45:00,2023-02-27,13:45:00,23770.5,23791.7,1.0
,1,107,2023/02/27,13:45:00,2023-02-27,13:45:00,23730.3,23751.5,1.0
,1,106,2023/02/26,18:45:00,2023-02-26,18:45:00,23530.7,23614.82,1.0
,1,106,2023/02/26,18:45:00,2023-02-26,18:45:00,23427.8,23511.92,1.0
,1,105,2023/02/23,11:30:00,2023-02-23,11:30:00,23664.3,23836.89,1.0
,1,105,2023/02/23,11:30:00,2023-02-23,11:30:00,23855.9,24028.49,1.0
,1,104,2023/02/23,02:45:00,2023-02-23,02:45:00,24584.3,24619.149999999998,1.0
,1,104,2023/02/23,02:45:00,2023-02-23,02:45:00,24529.8,24564.649999999998,1.0
,1,103,2023/02/21,08:45:00,2023-02-21,08:45:00,24622.7,24792.23,1.0
,1,103,2023/02/21,08:45:00,2023-02-21,08:45:00,24812.0,24981.53,1.0
,1,102,2023/02/21,03:00:00,2023-02-21,03:00:00,24917.6,24723.899999999998,1.0
,1,102,2023/02/21,02:45:00,2023-02-21,02:45:00,25091.3,24897.6,1.0
,1,101,2023/02/20,11:45:00,2023-02-20,11:45:00,24961.7,24998.850000000002,1.0
,1,101,2023/02/20,11:45:00,2023-02-20,11:45:00,24904.6,24941.75,1.0
,1,100,2023/02/20,10:45:00,2023-02-20,10:45:00,24974.7,25025.15,1.0
,1,100,2023/02/20,10:45:00,2023-02-20,10:45:00,24904.3,24954.75,1.0
,1,99,2023/02/20,10:00:00,2023-02-20,10:00:00,24986.2,25067.75,1.0
,1,99,2023/02/20,10:00:00,2023-02-20,10:00:00,24884.7,24966.25,1.0
,1,98,2023/02/19,16:45:00,2023-02-19,16:45:00,24931.1,24673.96,1.0
,1,98,2023/02/19,16:15:00,2023-02-19,16:15:00,25168.2,24911.06,1.0
,1,97,2023/02/17,20:15:00,2023-02-17,20:15:00,25036.9,25133.5,2.0
,1,97,2023/02/17,20:15:00,2023-02-17,20:15:00,24968.6,25065.199999999997,2.0
,1,96,2023/02/17,20:15:00,2023-02-17,20:15:00,24968.6,23845.969999999998,1.0
,1,96,2023/02/17,15:00:00,2023-02-17,15:00:00,23865.5,22742.87,1.0
,1,95,2023/02/16,15:45:00,2023-02-16,15:45:00,25100.7,25389.14,1.0
,1,95,2023/02/16,15:45:00,2023-02-16,15:45:00,24792.3,25080.739999999998,1.0
,1,94,2023/02/15,11:45:00,2023-02-15,11:45:00,22474.8,22486.03,1.0
,1,94,2023/02/15,11:45:00,2023-02-15,11:45:00,22445.6,22456.829999999998,1.0
,1,93,2023/02/14,15:00:00,2023-02-14,15:00:00,22316.0,22374.18,1.0
,1,93,2023/02/14,15:00:00,2023-02-14,15:00:00,22240.0,22298.18,1.0
,1,92,2023/02/14,14:15:00,2023-02-14,14:15:00,21593.6,21619.41,1.0
,1,92,2023/02/14,14:15:00,2023-02-14,14:15:00,21636.7,21662.510000000002,1.0
,1,91,2023/02/13,08:30:00,2023-02-13,08:30:00,21690.7,21752.32,1.0
,1,91,2023/02/13,08:30:00,2023-02-13,08:30:00,21769.7,21831.32,1.0
,1,90,2023/02/13,01:15:00,2023-02-13,01:15:00,21696.9,21727.420000000002,1.0
,1,90,2023/02/13,01:15:00,2023-02-13,01:15:00,21744.8,21775.32,1.0
,1,89,2023/02/12,21:45:00,2023-02-12,21:45:00,21696.5,21769.31,1.0
,1,89,2023/02/12,21:45:00,2023-02-12,21:45:00,21786.7,21859.510000000002,1.0
,1,88,2023/02/12,18:30:00,2023-02-12,18:30:00,21949.6,21851.01,1.0
,1,88,2023/02/12,16:45:00,2023-02-12,16:45:00,22030.6,21932.01,1.0
,1,87,2023/02/12,09:45:00,2023-02-12,09:45:00,21958.2,22042.170000000002,1.0
,1,87,2023/02/12,09:30:00,2023-02-12,09:30:00,21856.7,21940.670000000002,1.0
,1,86,2023/02/07,20:30:00,2023-02-07,20:30:00,23190.9,22767.81,1.0
,1,86,2023/02/07,18:30:00,2023-02-07,18:30:00,22786.2,22363.11,1.0
,1,85,2023/02/07,18:00:00,2023-02-07,18:00:00,23345.0,23393.45,1.0
,1,85,2023/02/07,18:00:00,2023-02-07,18:00:00,23277.9,23326.350000000002,1.0
,1,84,2023/02/01,19:45:00,2023-02-01,19:45:00,23490.7,23701.9,1.0
,1,84,2023/02/01,19:45:00,2023-02-01,19:45:00,23260.8,23472.0,1.0
,1,83,2023/02/01,08:30:00,2023-02-01,08:30:00,22938.0,22943.94,1.0
,1,83,2023/02/01,08:30:00,2023-02-01,08:30:00,22962.3,22968.239999999998,1.0
,1,82,2023/01/29,13:15:00,2023-01-29,13:15:00,23618.5,23657.83,1.0
,1,82,2023/01/29,13:15:00,2023-01-29,13:15:00,23560.3,23599.63,1.0
,1,81,2023/01/29,10:15:00,2023-01-29,10:15:00,23497.8,23576.84,1.0
,1,81,2023/01/29,10:15:00,2023-01-29,10:15:00,23400.0,23479.04,1.0
,1,80,2023/01/29,01:30:00,2023-01-29,01:30:00,23453.5,23494.86,1.0
,1,80,2023/01/29,01:30:00,2023-01-29,01:30:00,23393.4,23434.760000000002,1.0
,1,79,2023/01/27,18:00:00,2023-01-27,18:00:00,23244.8,23273.42,1.0
,1,79,2023/01/27,18:00:00,2023-01-27,18:00:00,23197.6,23226.219999999998,1.0
,1,78,2023/01/27,16:30:00,2023-01-27,16:30:00,23078.6,22910.399999999998,1.0
,1,78,2023/01/27,16:00:00,2023-01-27,16:00:00,22928.8,22760.6,1.0
,1,77,2023/01/24,23:00:00,2023-01-24,23:00:00,22623.7,22671.87,1.0
,1,77,2023/01/24,22:30:00,2023-01-24,22:30:00,22690.0,22738.17,1.0
,1,76,2023/01/24,14:15:00,2023-01-24,14:15:00,22791.4,22801.460000000003,1.0
,1,76,2023/01/24,13:45:00,2023-01-24,13:45:00,22819.7,22829.760000000002,1.0
,1,75,2023/01/24,09:15:00,2023-01-24,09:15:00,22880.3,22898.68,1.0
,1,75,2023/01/24,09:15:00,2023-01-24,09:15:00,22917.0,22935.38,1.0
,1,74,2023/01/23,19:45:00,2023-01-23,19:45:00,22657.7,22727.84,1.0
,1,74,2023/01/23,19:45:00,2023-01-23,19:45:00,22746.0,22816.14,1.0
,1,73,2023/01/23,18:00:00,2023-01-23,18:00:00,23127.1,23165.12,1.0
,1,73,2023/01/23,18:00:00,2023-01-23,18:00:00,23070.6,23108.62,1.0
,1,72,2023/01/23,15:00:00,2023-01-23,15:00:00,22592.0,22617.71,1.0
,1,72,2023/01/23,15:00:00,2023-01-23,15:00:00,22635.8,22661.51,1.0
,1,71,2023/01/22,16:00:00,2023-01-22,16:00:00,22689.4,22757.11,1.0
,1,71,2023/01/22,15:30:00,2023-01-22,15:30:00,22775.3,22843.01,1.0
,1,70,2023/01/21,15:30:00,2023-01-21,15:30:00,23283.6,23324.6,1.0
,1,70,2023/01/21,15:30:00,2023-01-21,15:30:00,23224.0,23265.0,1.0
,1,69,2023/01/21,10:00:00,2023-01-21,10:00:00,23326.4,23606.66,1.0
,1,69,2023/01/21,10:00:00,2023-01-21,10:00:00,23027.6,23307.859999999997,1.0
,1,68,2023/01/20,15:00:00,2023-01-20,15:00:00,21198.0,21231.06,1.0
,1,68,2023/01/20,15:00:00,2023-01-20,15:00:00,21148.0,21181.06,1.0
,1,67,2023/01/17,14:15:00,2023-01-17,14:15:00,21637.6,21865.789999999997,1.0
,1,67,2023/01/17,14:15:00,2023-01-17,14:15:00,21392.2,21620.39,1.0
,1,66,2023/01/16,19:00:00,2023-01-16,19:00:00,21427.5,21551.21,1.0
,1,66,2023/01/16,19:00:00,2023-01-16,19:00:00,21286.7,21410.41,1.0
,1,65,2023/01/16,08:15:00,2023-01-16,08:15:00,20754.0,20782.68,1.0
,1,65,2023/01/16,08:15:00,2023-01-16,08:15:00,20799.3,20827.98,1.0
,1,64,2023/01/16,03:15:00,2023-01-16,03:15:00,21121.0,20867.01,1.0
,1,64,2023/01/16,02:30:00,2023-01-16,02:30:00,21358.0,21104.01,1.0
,1,63,2023/01/16,01:15:00,2023-01-16,01:15:00,21340.9,21454.780000000002,1.0
,1,63,2023/01/16,01:15:00,2023-01-16,01:15:00,21210.0,21323.88,1.0
,1,62,2023/01/13,15:15:00,2023-01-13,15:15:00,19281.1,19423.84,1.0
,1,62,2023/01/13,15:15:00,2023-01-13,15:15:00,19123.0,19265.74,1.0
,1,61,2023/01/12,18:45:00,2023-01-12,18:45:00,18821.8,18875.37,1.0
,1,61,2023/01/12,18:45:00,2023-01-12,18:45:00,18753.2,18806.77,1.0
,1,60,2023/01/12,18:00:00,2023-01-12,18:00:00,18995.3,19135.469999999998,1.0
,1,60,2023/01/12,18:00:00,2023-01-12,18:00:00,18840.0,18980.17,1.0
,1,59,2023/01/11,19:15:00,2023-01-11,19:15:00,17536.0,17546.68,1.0
,1,59,2023/01/11,18:15:00,2023-01-11,18:15:00,17511.3,17521.98,1.0
,1,58,2023/01/10,18:30:00,2023-01-10,18:30:00,17436.8,17487.68,1.0
,1,58,2023/01/10,18:30:00,2023-01-10,18:30:00,17372.0,17422.88,1.0
,1,57,2023/01/10,15:15:00,2023-01-10,15:15:00,17367.5,17387.02,1.0
,1,57,2023/01/10,15:15:00,2023-01-10,15:15:00,17334.1,17353.62,1.0
,1,56,2023/01/09,16:45:00,2023-01-09,16:45:00,17344.5,17355.13,1.0
,1,56,2023/01/09,16:45:00,2023-01-09,16:45:00,17320.0,17330.63,1.0
,1,55,2023/01/09,16:15:00,2023-01-09,16:15:00,17333.4,17359.95,1.0
,1,55,2023/01/09,16:15:00,2023-01-09,16:15:00,17293.0,17319.55,1.0
,1,54,2023/01/09,00:45:00,2023-01-09,00:45:00,17190.9,17222.57,1.0
,1,54,2023/01/09,00:45:00,2023-01-09,00:45:00,17145.5,17177.17,1.0
,1,53,2023/01/09,00:00:00,2023-01-09,00:00:00,17178.7,17219.08,1.0
,1,53,2023/01/09,00:00:00,2023-01-09,00:00:00,17124.6,17164.98,1.0
,1,52,2023/01/08,16:30:00,2023-01-08,16:30:00,16910.8,16911.17,1.0
,1,52,2023/01/08,16:30:00,2023-01-08,16:30:00,16924.7,16925.07,1.0
,1,51,2023/01/06,18:15:00,2023-01-06,18:15:00,16849.0,16852.23,1.0
,1,51,2023/01/06,18:15:00,2023-01-06,18:15:00,16832.3,16835.53,1.0
,1,50,2023/01/06,18:00:00,2023-01-06,18:00:00,16857.7,16867.82,1.0
,1,50,2023/01/06,16:00:00,2023-01-06,16:00:00,16834.1,16844.219999999998,1.0
,1,49,2023/01/06,15:45:00,2023-01-06,15:45:00,16816.9,16708.780000000002,1.0
,1,49,2023/01/06,14:45:00,2023-01-06,14:45:00,16722.2,16614.08,1.0
,1,48,2023/01/04,18:30:00,2023-01-04,18:30:00,16948.2,16967.65,1.0
,1,48,2023/01/04,17:45:00,2023-01-04,17:45:00,16915.2,16934.65,1.0
,1,47,2023/01/04,03:15:00,2023-01-04,03:15:00,16847.0,16849.23,1.0
,1,47,2023/01/04,03:15:00,2023-01-04,03:15:00,16831.3,16833.53,1.0
,1,46,2023/01/03,15:00:00,2023-01-03,15:00:00,16644.0,16639.78,1.0
,1,46,2023/01/03,15:00:00,2023-01-03,15:00:00,16653.1,16648.879999999997,1.0
,1,45,2023/01/02,17:00:00,2023-01-02,17:00:00,16704.1,16657.519999999997,1.0
,1,45,2023/01/02,15:45:00,2023-01-02,15:45:00,16737.3,16690.719999999998,1.0
,1,44,2023/01/02,14:30:00,2023-01-02,14:30:00,16683.6,16620.73,1.0
,1,44,2023/01/02,10:15:00,2023-01-02,10:15:00,16733.1,16670.23,1.0
,1,43,2023/01/02,08:15:00,2023-01-02,08:15:00,16763.0,16772.6,1.0
,1,43,2023/01/02,08:15:00,2023-01-02,08:15:00,16740.0,16749.6,1.0
,1,42,2023/01/02,07:15:00,2023-01-02,07:15:00,16767.1,16828.62,1.0
,1,42,2023/01/02,07:15:00,2023-01-02,07:15:00,16692.2,16753.72,1.0
,1,41,2023/01/02,01:15:00,2023-01-02,01:15:00,16541.7,16545.16,1.0
,1,41,2023/01/02,01:15:00,2023-01-02,01:15:00,16558.4,16561.86,1.0
,1,40,2023/01/01,20:15:00,2023-01-01,20:15:00,16618.4,16610.31,1.0
,1,40,2023/01/01,19:30:00,2023-01-01,19:30:00,16613.2,16605.11,1.0
,1,39,2022/12/30,23:30:00,2022-12-30,23:30:00,16615.4,16616.41,1.0
,1,39,2022/12/30,21:15:00,2022-12-30,21:15:00,16601.1,16602.109999999997,1.0
,1,38,2022/12/28,15:30:00,2022-12-28,15:30:00,16586.0,16634.71,1.0
,1,38,2022/12/28,15:30:00,2022-12-28,15:30:00,16648.0,16696.71,1.0
,1,37,2022/12/27,00:00:00,2022-12-27,00:00:00,16967.4,17008.45,1.0
,1,37,2022/12/27,00:00:00,2022-12-27,00:00:00,16912.8,16953.85,1.0
,1,36,2022/12/25,22:00:00,2022-12-25,22:00:00,16835.3,16833.34,1.0
,1,36,2022/12/25,22:00:00,2022-12-25,22:00:00,16823.8,16821.84,1.0
,1,35,2022/12/25,19:15:00,2022-12-25,19:15:00,16724.3,16740.309999999998,1.0
,1,35,2022/12/25,19:15:00,2022-12-25,19:15:00,16753.7,16769.71,1.0
,1,34,2022/12/25,15:00:00,2022-12-25,15:00:00,16849.4,16861.83,1.0
,1,34,2022/12/25,15:00:00,2022-12-25,15:00:00,16823.5,16835.93,1.0
,1,33,2022/12/23,14:45:00,2022-12-23,14:45:00,16775.6,16777.67,1.0
,1,33,2022/12/23,14:45:00,2022-12-23,14:45:00,16791.1,16793.17,1.0
,1,32,2022/12/23,03:00:00,2022-12-23,03:00:00,16894.0,16929.6,1.0
,1,32,2022/12/23,03:00:00,2022-12-23,03:00:00,16844.9,16880.5,1.0
,1,31,2022/12/20,15:00:00,2022-12-20,15:00:00,16964.1,17021.059999999998,1.0
,1,31,2022/12/20,15:00:00,2022-12-20,15:00:00,16893.6,16950.559999999998,1.0
,1,30,2022/12/20,02:45:00,2022-12-20,02:45:00,16804.4,16826.07,1.0
,1,30,2022/12/20,02:45:00,2022-12-20,02:45:00,16769.3,16790.969999999998,1.0
,1,29,2022/12/19,02:45:00,2022-12-19,02:45:00,16713.5,16716.02,1.0
,1,29,2022/12/19,02:45:00,2022-12-19,02:45:00,16729.4,16731.920000000002,1.0
,1,28,2022/12/14,15:15:00,2022-12-14,15:15:00,18109.7,18149.13,1.0
,1,28,2022/12/14,15:00:00,2022-12-14,15:00:00,18055.8,18095.23,1.0
,1,27,2022/12/13,11:15:00,2022-12-13,11:15:00,17443.6,17449.85,1.0
,1,27,2022/12/13,10:30:00,2022-12-13,10:30:00,17423.4,17429.65,1.0
,1,26,2022/12/13,10:00:00,2022-12-13,10:00:00,17475.9,17507.140000000003,1.0
,1,26,2022/12/13,10:00:00,2022-12-13,10:00:00,17430.7,17461.940000000002,1.0
,1,25,2022/12/12,23:30:00,2022-12-12,23:30:00,17209.4,17219.140000000003,1.0
,1,25,2022/12/12,21:45:00,2022-12-12,21:45:00,17185.9,17195.640000000003,1.0
,1,24,2022/12/11,19:15:00,2022-12-11,19:15:00,17240.7,17234.71,1.0
,1,24,2022/12/11,19:15:00,2022-12-11,19:15:00,17232.9,17226.91,1.0
,1,23,2022/12/05,08:30:00,2022-12-05,08:30:00,17376.8,17395.71,1.0
,1,23,2022/12/05,08:30:00,2022-12-05,08:30:00,17344.0,17362.91,1.0
,1,22,2022/12/05,01:45:00,2022-12-05,01:45:00,17281.2,17304.690000000002,1.0
,1,22,2022/12/05,00:45:00,2022-12-05,00:45:00,17243.9,17267.390000000003,1.0
,1,21,2022/12/04,11:30:00,2022-12-04,11:30:00,16892.7,16939.36,1.0
,1,21,2022/12/04,11:30:00,2022-12-04,11:30:00,16952.9,16999.56,1.0
,1,20,2022/11/30,19:15:00,2022-11-30,19:15:00,17136.2,17227.43,1.0
,1,20,2022/11/30,19:15:00,2022-11-30,19:15:00,17031.3,17122.53,1.0
,1,19,2022/11/30,00:45:00,2022-11-30,00:45:00,16873.6,16902.019999999997,1.0
,1,19,2022/11/30,00:45:00,2022-11-30,00:45:00,16831.7,16860.12,1.0
,1,18,2022/11/29,15:00:00,2022-11-29,15:00:00,16339.1,16342.62,1.0
,1,18,2022/11/29,15:00:00,2022-11-29,15:00:00,16355.7,16359.220000000001,1.0
,1,17,2022/11/29,05:15:00,2022-11-29,05:15:00,16515.0,16533.3,1.0
,1,17,2022/11/29,05:15:00,2022-11-29,05:15:00,16483.5,16501.8,1.0
,1,16,2022/11/26,15:00:00,2022-11-26,15:00:00,16544.1,16548.559999999998,1.0
,1,16,2022/11/26,15:00:00,2022-11-26,15:00:00,16561.8,16566.26,1.0
,1,15,2022/11/26,03:15:00,2022-11-26,03:15:00,16604.0,16529.99,1.0
,1,15,2022/11/26,01:30:00,2022-11-26,01:30:00,16664.7,16590.690000000002,1.0
,1,14,2022/11/23,02:30:00,2022-11-23,02:30:00,16540.7,16632.71,1.0
,1,14,2022/11/23,02:30:00,2022-11-23,02:30:00,16435.5,16527.51,1.0
,1,13,2022/11/22,14:00:00,2022-11-22,14:00:00,16211.3,16247.25,1.0
,1,13,2022/11/22,14:00:00,2022-11-22,14:00:00,16162.4,16198.35,1.0
,1,12,2022/11/20,08:45:00,2022-11-20,08:45:00,16561.0,16558.45,1.0
,1,12,2022/11/20,08:45:00,2022-11-20,08:45:00,16571.7,16569.15,1.0
,1,11,2022/11/18,00:15:00,2022-11-18,00:15:00,16869.9,16886.52,1.0
,1,11,2022/11/18,00:15:00,2022-11-18,00:15:00,16839.8,16856.42,1.0
,1,10,2022/11/17,21:15:00,2022-11-17,21:15:00,16696.5,16513.41,1.0
,1,10,2022/11/17,16:00:00,2022-11-17,16:00:00,16526.7,16343.61,1.0
,1,9,2022/11/14,07:30:00,2022-11-14,07:30:00,16839.1,16907.46,1.0
,1,9,2022/11/14,07:30:00,2022-11-14,07:30:00,16757.3,16825.66,1.0
,1,8,2022/11/11,00:30:00,2022-11-11,00:30:00,17485.6,16855.769999999997,1.0
,1,8,2022/11/10,21:00:00,2022-11-10,21:00:00,18101.2,17471.37,1.0
,1,7,2022/11/08,17:30:00,2022-11-08,17:30:00,19735.6,19814.17,1.0
,1,7,2022/11/08,17:30:00,2022-11-08,17:30:00,19830.0,19908.57,1.0
,1,6,2022/11/08,17:15:00,2022-11-08,17:15:00,20093.1,12325.679999999998,16.02978
,1,6,2022/11/08,16:45:00,2022-11-08,16:45:00,20561.4,12793.980000000001,16.02978
,1,5,2022/11/07,03:00:00,2022-11-07,03:00:00,20893.7,21578.440000000002,10.894244
,1,5,2022/11/07,02:30:00,2022-11-07,02:30:00,20973.3,21658.04,10.894244
,1,4,2022/11/04,12:45:00,2022-11-04,12:45:00,20765.4,21463.120000000003,5.661327
,1,4,2022/11/04,12:45:00,2022-11-04,12:45:00,20625.6,21323.32,5.661327
,1,3,2022/11/02,19:30:00,2022-11-02,19:30:00,20153.1,20426.329999999998,3.612139
,1,3,2022/11/02,19:30:00,2022-11-02,19:30:00,20244.9,20518.13,3.612139
,1,2,2022/11/02,18:15:00,2022-11-02,18:15:00,20756.4,20970.65,2.00526
,1,2,2022/11/02,18:15:00,2022-11-02,18:15:00,20633.0,20847.25,2.00526
,1,1,2022/11/02,18:00:00,2022-11-02,18:00:00,20148.6,20414.969999999998,1.0
,1,1,2022/11/02,18:00:00,2022-11-02,18:00:00,20431.2,20697.57,1.0
